molecule_chembl_id,target_chembl_id,pchembl_value,canonical_smiles,protein
CHEMBL102714,CHEMBL2095188,7.47,Cn1cc(C2=C(c3ccc(Cl)cc3Cl)C(=O)NC2=O)c2ccccc21,COX1
CHEMBL1076156,CHEMBL2095188,4.82,CN1C(=O)/C(=C/c2ccc3c(c2)OCO3)N=C1NCC/N=C/c1ccc2c(c1)OCC2,COX1
CHEMBL1081243,CHEMBL2095188,5.85,CN1C(=O)/C(=C/c2ccc3c(c2)OCO3)N=C1NCCN.Cl,COX1
CHEMBL1081244,CHEMBL2095188,5.16,CN1C(=O)/C(=C/c2ccc3c(c2)OCO3)N=C1NCC/N=C/c1ccccc1,COX1
CHEMBL1081557,CHEMBL2095188,4.42,CN1C(=O)/C(=C/c2ccc3c(c2)OCO3)N=C1NCC/N=C/c1ccc2c(c1)OCCO2,COX1
CHEMBL1081558,CHEMBL2095188,5.14,COc1ccc(/C=N/CCNC2=N/C(=C\c3ccc4c(c3)OCO4)C(=O)N2C)cc1,COX1
CHEMBL1081757,CHEMBL2095188,6.07,CN1C(=O)/C(=C/c2ccc3c(c2)OCO3)N=C1NCC/N=C/c1ccc2c(c1)OCO2,COX1
CHEMBL111433,CHEMBL2095188,7.21,Cc1ccc2[nH]c(O)c(C3=Nc4ccccc4C3=O)c2c1,COX1
CHEMBL111624,CHEMBL2095188,6.1,COc1ccc2[nH]c(O)c(C3=Nc4ccccc4C3=O)c2c1,COX1
CHEMBL114396,CHEMBL2095188,5.22,COc1ccc2c(c1)C(=O)C(c1[nH]c3ccc(OC)cc3c1O)=N2,COX1
CHEMBL117,CHEMBL2095188,5.14,O=c1cc(-c2ccccc2)oc2cc(O)cc(O)c12,COX1
CHEMBL120077,CHEMBL2095188,4.89,COc1cc2c(cc1OC)-c1n[nH]c(Nc3cccc(F)c3)c1C2,COX1
CHEMBL122334,CHEMBL2095188,4.0,O=C1CNC(=O)N1,COX1
CHEMBL1242830,CHEMBL2095188,8.4,CN1CCN(c2ccc(NCCNc3ccc([N+](=O)[O-])c(N)n3)nc2-c2ccc(Cl)cc2Cl)C(=O)C1,COX1
CHEMBL126077,CHEMBL2095188,7.66,O=Nc1c(-c2c(O)[nH]c3ccccc23)[nH]c2ccccc12,COX1
CHEMBL1276127,CHEMBL2095188,6.0,O=C1Nc2ccccc2/C1=C1/Nc2ccccc2C1=O,COX1
CHEMBL14762,CHEMBL2095188,4.22,CC[C@H](CO)Nc1nc(NCc2ccccc2)c2ncn(C(C)C)c2n1,COX1
CHEMBL150,CHEMBL2095188,5.46,O=c1c(O)c(-c2ccc(O)cc2)oc2cc(O)cc(O)c12,COX1
CHEMBL151,CHEMBL2095188,6.1,O=c1cc(-c2ccc(O)c(O)c2)oc2cc(O)cc(O)c12,COX1
CHEMBL157999,CHEMBL2095188,4.0,O=C1CNC(=O)N1Cc1ccccc1,COX1
CHEMBL170138,CHEMBL2095188,6.82,CO/N=C1/C(c2c(O)[nH]c3ccccc23)=Nc2ccccc21,COX1
CHEMBL170347,CHEMBL2095188,5.35,O=C1C(c2c(O)[nH]c3cc(Br)ccc23)=Nc2cc(Br)ccc21,COX1
CHEMBL170640,CHEMBL2095188,8.15,O=Nc1c(-c2c(O)[nH]c3cc(Br)c([N+](=O)[O-])cc23)[nH]c2ccccc12,COX1
CHEMBL172540,CHEMBL2095188,6.19,O=C1C(c2c(O)[nH]c3cc(F)ccc23)=Nc2ccccc21,COX1
CHEMBL172547,CHEMBL2095188,8.22,CC(=O)O/N=C1/C(c2c(O)[nH]c3cc(Br)c([N+](=O)[O-])cc23)=Nc2ccccc21,COX1
CHEMBL173040,CHEMBL2095188,7.7,O=Nc1c(-c2c(O)[nH]c3cc(Cl)ccc23)[nH]c2ccccc12,COX1
CHEMBL173178,CHEMBL2095188,7.6,Cc1cc2c(C3=Nc4ccccc4C3=O)c(O)[nH]c2cc1Br,COX1
CHEMBL173445,CHEMBL2095188,7.17,O=C1C(c2c(O)[nH]c3ccc(I)cc23)=Nc2ccccc21,COX1
CHEMBL173682,CHEMBL2095188,7.26,O=C1C(c2c(O)[nH]c3ccc(Br)cc23)=Nc2ccccc21,COX1
CHEMBL173690,CHEMBL2095188,6.46,O=C1C(c2c(O)[nH]c3ccccc23)=Nc2ccc(Br)cc21,COX1
CHEMBL174025,CHEMBL2095188,7.38,O=C1C(c2c(O)[nH]c3ccc([N+](=O)[O-])cc23)=Nc2ccccc21,COX1
CHEMBL174068,CHEMBL2095188,7.77,CC(=O)O/N=C1/C(c2c(O)[nH]c3cc(Cl)ccc23)=Nc2ccccc21,COX1
CHEMBL174292,CHEMBL2095188,6.89,O=Nc1c(-c2c(O)[nH]c3cc(F)ccc23)[nH]c2ccccc12,COX1
CHEMBL174343,CHEMBL2095188,7.26,O=C1C(c2c(O)[nH]c3cc(I)ccc23)=Nc2ccccc21,COX1
CHEMBL174612,CHEMBL2095188,8.15,CC(=O)O/N=C1/C(c2c(O)[nH]c3cc(Br)c(C)cc23)=Nc2ccccc21,COX1
CHEMBL175053,CHEMBL2095188,6.62,C=Cc1ccc2c(C3=Nc4ccccc4C3=O)c(O)[nH]c2c1,COX1
CHEMBL175155,CHEMBL2095188,8.22,Cc1cc2c(-c3[nH]c4ccccc4c3N=O)c(O)[nH]c2cc1Br,COX1
CHEMBL176248,CHEMBL2095188,5.6,Cc1cc(Nc2cc(-c3ccccc3)nc3ccccc23)[nH]n1,COX1
CHEMBL176676,CHEMBL2095188,6.6,O=C1C(c2c(O)[nH]c3ccc(Br)cc23)=Nc2ccc(Br)cc21,COX1
CHEMBL176896,CHEMBL2095188,6.7,CC(=O)O/N=C1/C(c2c(O)[nH]c3ccccc23)=Nc2ccccc21,COX1
CHEMBL176904,CHEMBL2095188,7.35,O=C1C(c2c(O)[nH]c3cc(Br)ccc23)=Nc2ccccc21,COX1
CHEMBL177146,CHEMBL2095188,8.0,O=Nc1c(-c2c(O)[nH]c3cc(I)ccc23)[nH]c2ccccc12,COX1
CHEMBL177688,CHEMBL2095188,6.32,OCCCNc1cncc(-c2cncc(Nc3cccc(Cl)c3)n2)c1,COX1
CHEMBL178237,CHEMBL2095188,6.48,O=C1NC(=O)C(c2cnc3ccncn23)=C1c1cn2c3c(cccc13)CNCC2,COX1
CHEMBL178264,CHEMBL2095188,4.64,Cc1n[nH]c(Nc2nc(-c3ccccc3)nc3ccccc23)n1,COX1
CHEMBL178306,CHEMBL2095188,6.8,O=C(Nc1cccc(C(F)(F)F)c1)Nc1ncnc2nn3ccccc3c12,COX1
CHEMBL178488,CHEMBL2095188,6.0,O=C(Nc1ccc(Br)cc1)Nc1ncnc2nn3ccccc3c12,COX1
CHEMBL178645,CHEMBL2095188,7.47,O=C1NC(=O)C(c2cn3c4c(cccc24)CNCC3)=C1c1cccc2sccc12,COX1
CHEMBL178646,CHEMBL2095188,8.68,O=C1NC(=O)C(c2cncc3ccoc23)=C1c1cn2c3c(cccc13)CN(C(=O)N1CCCCC1)CC2,COX1
CHEMBL178737,CHEMBL2095188,8.89,O=C1NC(=O)C(c2cnc3ccccn23)=C1c1cn2c3c(cccc13)CN(C(=O)N1CCOCC1)CC2,COX1
CHEMBL178766,CHEMBL2095188,9.1,O=C1NC(=O)C(c2cncc3ccoc23)=C1c1cn2c3c(cccc13)CN(C(=O)N1CCOCC1)CC2,COX1
CHEMBL178820,CHEMBL2095188,8.48,O=C1NC(=O)C(c2cn3c4c(cccc24)CNCC3)=C1c1cccc2c1OCC2,COX1
CHEMBL178850,CHEMBL2095188,8.57,CN(C)C(=O)N1CCn2cc(C3=C(c4cccc5ccoc45)C(=O)NC3=O)c3cccc(c32)C1,COX1
CHEMBL178851,CHEMBL2095188,8.68,O=C1NC(=O)C(c2cnc3cnccn23)=C1c1cn2c3c(cccc13)CN(C(=O)N1CCCCC1)CC2,COX1
CHEMBL178953,CHEMBL2095188,6.9,N#Cc1cccc(NC(=O)Nc2ncnc3nn4ccccc4c23)c1,COX1
CHEMBL179224,CHEMBL2095188,5.8,O=C(Nc1ccc(C(F)(F)F)cc1)Nc1ncnc2nn3ccccc3c12,COX1
CHEMBL179341,CHEMBL2095188,6.82,Cc1cnc(Nc2nc(-c3ccccc3)nc3ccccc23)s1,COX1
CHEMBL179420,CHEMBL2095188,6.96,c1ccc(-c2nc(Nc3cc[nH]n3)c3ccccc3n2)cc1,COX1
CHEMBL179725,CHEMBL2095188,8.46,CC(C)C(=O)N1CCn2cc(C3=C(C4=CN=[N+]5C=CC=CC45)C(=O)NC3=O)c3cccc(c32)C1,COX1
CHEMBL1801636,CHEMBL2095188,5.35,CC(=O)C1=C(c2cn(C)c3ccccc23)C(=O)NC1=O,COX1
CHEMBL1802358,CHEMBL2095188,5.81,O=C1NC(Nc2ccccc2)=N/C1=C\c1ccc2c(c1)OCO2,COX1
CHEMBL180779,CHEMBL2095188,8.92,CN(C)C(=O)N1CCn2cc(C3=C(c4cncc5ccoc45)C(=O)NC3=O)c3cccc(c32)C1,COX1
CHEMBL181015,CHEMBL2095188,7.39,O=C1NC(=O)C(c2cn3c4c(cccc24)CNCC3)=C1c1cccc2occc12,COX1
CHEMBL181029,CHEMBL2095188,6.5,O=C(Nc1cccc([N+](=O)[O-])c1)Nc1ncnc2nn3ccccc3c12,COX1
CHEMBL181031,CHEMBL2095188,8.8,O=C1NC(=O)C(c2cnc3cccnn23)=C1c1cn2c3c(cccc13)CN(C(=O)N1CCCCC1)CC2,COX1
CHEMBL181112,CHEMBL2095188,7.22,O=C1NC(=O)C(c2cnc3cnccn23)=C1c1cn2c3c(cccc13)CNCC2,COX1
CHEMBL181296,CHEMBL2095188,8.6,CC(=O)N1CCn2cc(C3=C(c4cccc5c4OCO5)C(=O)NC3=O)c3cccc(c32)C1,COX1
CHEMBL181339,CHEMBL2095188,9.1,O=C1NC(=O)C(c2cnc3ccccn23)=C1c1cn2c3c(cccc13)CN(C(=O)C1CCOCC1)CC2,COX1
CHEMBL181371,CHEMBL2095188,9.05,CC(=O)N1CCn2cc(C3=C(c4cncc5ccoc45)C(=O)NC3=O)c3cccc(c32)C1,COX1
CHEMBL181464,CHEMBL2095188,8.33,CN(C)C(=O)N1CCn2cc(C3=C(c4ccn5ncccc45)C(=O)NC3=O)c3cccc(c32)C1,COX1
CHEMBL181518,CHEMBL2095188,9.0,CCC(=O)N1CCn2cc(C3=C(c4cncc5ccoc45)C(=O)NC3=O)c3cccc(c32)C1,COX1
CHEMBL181774,CHEMBL2095188,7.89,O=C1NC(=O)C(c2cn3c4c(cccc24)CNCC3)=C1c1cccc2c1OCO2,COX1
CHEMBL182048,CHEMBL2095188,7.57,O=C1NC(=O)C(c2cn3c4c(cccc24)CNCC3)=C1c1cccc2c1ccn2CCCO,COX1
CHEMBL188386,CHEMBL2095188,5.4,OCCCCNc1cncc(-c2cncc(Nc3cccc(Cl)c3)n2)c1,COX1
CHEMBL188502,CHEMBL2095188,6.5,Clc1cccc(Nc2cncc(-c3cncc(NCCCc4cccnc4)c3)n2)c1,COX1
CHEMBL191003,CHEMBL2095188,7.39,Nc1nc(Nc2ccc(S(N)(=O)=O)cc2)nn1C(=O)c1c(F)cccc1F,COX1
CHEMBL1946917,CHEMBL2095188,6.51,O=c1oc2cc(O)ccc2c2c1[nH]c1ccc(O)cc12,COX1
CHEMBL202935,CHEMBL2095188,6.34,O=C1NC(=O)c2c1c1ccccc1c1[nH]c3ccc(O)cc3c21,COX1
CHEMBL2048662,CHEMBL2095188,8.52,CCS(=O)(=O)Nc1ccc(CCNC(=O)c2ccnc3[nH]c(-c4ccsc4)nc23)cc1,COX1
CHEMBL2048680,CHEMBL2095188,8.7,COc1ccc(-c2nc3c(C(=O)Nc4cnccc4C)ccnc3[nH]2)cc1,COX1
CHEMBL204886,CHEMBL2095188,7.5,COc1cccc(-n2ccc3c(N/N=C/c4ccncc4)ncnc32)c1,COX1
CHEMBL204934,CHEMBL2095188,6.2,COc1cccc(-n2cnc3c(N/N=C/c4ccncc4)ncnc32)c1,COX1
CHEMBL205795,CHEMBL2095188,8.3,COc1cccc(-c2[nH]nc3c(N/N=C/c4ccncc4)ncnc23)c1,COX1
CHEMBL206010,CHEMBL2095188,8.3,COc1cccc(-c2c[nH]c3c(N/N=C/c4ccncc4)ncnc23)c1,COX1
CHEMBL208741,CHEMBL2095188,5.14,CCn1cnc2ccc3nc(C(=N)NC(C)C)sc3c2c1=O,COX1
CHEMBL2089032,CHEMBL2095188,5.15,CC(C)n1cnc2c(NCc3ccc(-c4ccccn4)cc3)nc(NC[C@@H](O)CO)nc21,COX1
CHEMBL209336,CHEMBL2095188,5.38,CCn1cnc2ccc3nc(C4=NCCN4)sc3c2c1=O,COX1
CHEMBL209648,CHEMBL2095188,4.8,O=Nc1c(-c2c(O)[nH]c3c(I)cccc23)[nH]c2ccccc12,COX1
CHEMBL209849,CHEMBL2095188,6.7,CC(=O)O/N=C1\C(c2c(O)[nH]c3ccccc23)=Nc2ccccc21,COX1
CHEMBL210001,CHEMBL2095188,5.21,CCN1C=Nc2ccc3nc(C#N)sc3c2C1,COX1
CHEMBL210073,CHEMBL2095188,6.48,CC(=O)O/N=C1/C(c2c(O)[nH]c3c(F)cccc23)=Nc2ccccc21,COX1
CHEMBL210106,CHEMBL2095188,5.19,CCCN1C=Nc2ccc3nc(C#N)sc3c2C1,COX1
CHEMBL210229,CHEMBL2095188,6.25,CC(C)n1cnc2ccc3nc(C(=N)NCCN(C)C)sc3c2c1=O,COX1
CHEMBL210330,CHEMBL2095188,5.0,CC(C)CN1C=Nc2ccc3nc(C#N)sc3c2C1,COX1
CHEMBL210385,CHEMBL2095188,4.3,CC(C)CCN1C=Nc2ccc3nc(C#N)sc3c2C1,COX1
CHEMBL210446,CHEMBL2095188,6.4,O=C1C(c2c(O)[nH]c3c(F)cccc23)=Nc2ccccc21,COX1
CHEMBL210474,CHEMBL2095188,5.89,CCn1cnc2ccc3nc(C(=N)NCCN(C)C)sc3c2c1=O,COX1
CHEMBL210918,CHEMBL2095188,5.8,CCCn1cnc2ccc3nc(C4=NCCN4)sc3c2c1=O,COX1
CHEMBL210919,CHEMBL2095188,5.34,CC(C)Cn1cnc2ccc3nc(C4=NCCN4)sc3c2c1=O,COX1
CHEMBL211192,CHEMBL2095188,4.96,CCN(CC)CCO/N=C1/C(c2c(O)[nH]c3c(Br)cccc23)=Nc2ccccc21.Cl,COX1
CHEMBL211243,CHEMBL2095188,6.52,CO/N=C1\C(c2c(O)[nH]c3ccccc23)=Nc2ccccc21,COX1
CHEMBL211409,CHEMBL2095188,6.24,Oc1[nH]c2c(Br)cccc2c1C1=Nc2ccccc2/C1=N\OCCN1CCOCC1,COX1
CHEMBL211429,CHEMBL2095188,5.16,Oc1[nH]c2c(Br)cccc2c1C1=Nc2ccccc2/C1=N\OCCN1CCCC1,COX1
CHEMBL211430,CHEMBL2095188,5.52,Cl.Oc1[nH]c2c(Br)cccc2c1C1=Nc2ccccc2/C1=N\OCCN1CCCC1,COX1
CHEMBL211593,CHEMBL2095188,6.36,CO/N=C1/C(c2c(O)[nH]c3c(F)cccc23)=Nc2ccccc21,COX1
CHEMBL212174,CHEMBL2095188,6.57,O=Nc1c(-c2c(O)[nH]c3c(F)cccc23)[nH]c2ccccc12,COX1
CHEMBL212581,CHEMBL2095188,5.1,CN(C)CCO/N=C1/C(c2c(O)[nH]c3c(Br)cccc23)=Nc2ccccc21,COX1
CHEMBL213401,CHEMBL2095188,5.05,Oc1[nH]c2c(Br)cccc2c1C1=Nc2ccccc2/C1=N\OCCn1ccnc1,COX1
CHEMBL223341,CHEMBL2095188,5.6,COc1ccc(CN2C(=O)C=CC2=O)cc1,COX1
CHEMBL223342,CHEMBL2095188,5.7,O=C1C=CC(=O)N1CCc1ccccc1,COX1
CHEMBL223343,CHEMBL2095188,4.0,COc1ccc(CCN2C(=O)CSC2=S)cc1,COX1
CHEMBL223398,CHEMBL2095188,4.92,O=c1ssc(=O)n1Cc1ccccc1,COX1
CHEMBL224043,CHEMBL2095188,4.0,CN1C(=O)CSC1=S,COX1
CHEMBL224231,CHEMBL2095188,4.92,O=C1C=CC(=O)C1,COX1
CHEMBL224232,CHEMBL2095188,5.52,O=C1C=CC(=O)N1CCCCCc1ccccc1,COX1
CHEMBL224235,CHEMBL2095188,4.0,O=C(c1ccccc1)n1c(=O)n(-c2ccccc2)c(=O)n1C(=O)c1ccccc1,COX1
CHEMBL224236,CHEMBL2095188,5.07,CCn1sc(=O)n(-c2ccc([N+](=O)[O-])cc2)c1=O,COX1
CHEMBL224287,CHEMBL2095188,4.0,O=c1[nH][nH]c(=O)n1-c1ccccc1,COX1
CHEMBL224288,CHEMBL2095188,4.0,Cn1c(=O)n(-c2ccccc2)c(=O)n1C,COX1
CHEMBL224301,CHEMBL2095188,5.52,O=C1C=CC(=O)N1CCCc1ccccc1,COX1
CHEMBL224367,CHEMBL2095188,4.6,O=C1CSC(=S)N1Cc1ccccc1,COX1
CHEMBL224441,CHEMBL2095188,4.0,O=C(O)CN1C(=O)CSC1=S,COX1
CHEMBL224633,CHEMBL2095188,4.0,O=C1CSC(=S)N1,COX1
CHEMBL224674,CHEMBL2095188,5.22,CCn1sc(=O)n(-c2ccccc2)c1=O,COX1
CHEMBL224900,CHEMBL2095188,4.0,O=C1CSC(=O)N1Cc1ccccc1,COX1
CHEMBL224979,CHEMBL2095188,5.52,CCOC(=O)CN1C(=O)C=CC1=O,COX1
CHEMBL225037,CHEMBL2095188,5.3,CN1C(=O)C=CC1=O,COX1
CHEMBL225440,CHEMBL2095188,4.19,COc1ccc(CN2C(=O)CSC2=S)cc1,COX1
CHEMBL225554,CHEMBL2095188,4.46,O=C1CSC(=S)N1CCc1ccccc1,COX1
CHEMBL2262593,CHEMBL2095188,5.0,COc1ccc(C2OC(=O)C(O)=C2I)cc1OC,COX1
CHEMBL2297170,CHEMBL2095188,6.0,C[n+]1c2ccccc2[n+]2[nH]c3ccccc3n12,COX1
CHEMBL2297171,CHEMBL2095188,6.0,O=C(N=c1[nH]c2ccccc2[nH]1)NC[C@H]1CCC[C@@H](CNC(=O)N=c2[nH]c3ccccc3[nH]2)C1,COX1
CHEMBL23840,CHEMBL2095188,5.22,Cn1sc(=O)n(-c2ccccc2Br)c1=O,COX1
CHEMBL2386744,CHEMBL2095188,6.8,COC(=N)c1nc2ccc3ncnc(Nc4ccc(Br)cc4F)c3c2s1,COX1
CHEMBL2386753,CHEMBL2095188,6.18,COC(=N)c1nc2ccc3ncnc(Nc4ccc5c(c4)OCO5)c3c2s1,COX1
CHEMBL2386761,CHEMBL2095188,6.7,COC(=N)c1nc2ccc3ncnc(Nc4ccc(OC)cc4)c3c2s1,COX1
CHEMBL2397838,CHEMBL2095188,6.7,Cl.O=c1[nH]nc2c(NCCCc3ccnc(Cl)c3)cc(Cl)cn12,COX1
CHEMBL2397839,CHEMBL2095188,6.6,Cl.Nc1cc(CCCNc2cc(Cl)cn3c(=O)[nH]nc23)ccn1,COX1
CHEMBL2397840,CHEMBL2095188,6.72,COc1cccc(CCCNc2cc(Cl)cn3c(=O)[nH]nc23)c1,COX1
CHEMBL2397841,CHEMBL2095188,6.61,Cl.O=c1[nH]nc2c(NCCCc3cccc(OCCN4CCOCC4)c3)cc(Cl)cn12,COX1
CHEMBL2397845,CHEMBL2095188,4.89,COc1ccc(OCCNc2cccn3c(=O)[nH]nc23)cc1,COX1
CHEMBL2397846,CHEMBL2095188,5.15,COc1ccc(OCCNc2cc(C)cn3c(=O)[nH]nc23)cc1,COX1
CHEMBL2397847,CHEMBL2095188,5.92,Cc1cc(NCCCc2ccccn2)c2n[nH]c(=O)n2c1.Cl,COX1
CHEMBL2397848,CHEMBL2095188,4.3,Cc1cc(N(C)CCCc2ccccn2)c2n[nH]c(=O)n2c1.Cl,COX1
CHEMBL2397849,CHEMBL2095188,6.45,Cc1cc(NCCCc2cccnc2)c2n[nH]c(=O)n2c1.Cl,COX1
CHEMBL2397850,CHEMBL2095188,6.51,Cc1cc(NCCCc2ccc(C)nc2)c2n[nH]c(=O)n2c1.Cl,COX1
CHEMBL2397851,CHEMBL2095188,6.22,Cc1cc(NCCCc2ccncc2)c2n[nH]c(=O)n2c1.Cl,COX1
CHEMBL2397852,CHEMBL2095188,6.11,Cc1cc(NCCCc2ccnc(Cl)c2)c2n[nH]c(=O)n2c1.Cl,COX1
CHEMBL2397853,CHEMBL2095188,6.19,COc1cc(CCCNc2cc(C)cn3c(=O)[nH]nc23)ccn1.Cl,COX1
CHEMBL2397854,CHEMBL2095188,6.0,Cc1cc(NCCCc2ccc(N)cc2)c2n[nH]c(=O)n2c1.Cl,COX1
CHEMBL2397855,CHEMBL2095188,5.87,Cc1cc(NCCCn2ccnc2)c2n[nH]c(=O)n2c1.Cl,COX1
CHEMBL2397857,CHEMBL2095188,6.28,Cl.O=c1[nH]nc2c(NCCCc3cccnc3)cc(Cl)cn12,COX1
CHEMBL2397858,CHEMBL2095188,6.47,Cc1ccc(CCCNc2cc(Cl)cn3c(=O)[nH]nc23)cn1.Cl,COX1
CHEMBL2397859,CHEMBL2095188,6.96,Cl.O=c1[nH]nc2c(NCCCc3ccncc3)cc(Cl)cn12,COX1
CHEMBL2397860,CHEMBL2095188,6.09,Cc1cc(CCCNc2cc(Cl)cn3c(=O)[nH]nc23)ccn1.Cl,COX1
CHEMBL24167,CHEMBL2095188,4.0,Cn1sc(=O)n(C2CCCCC2)c1=O,COX1
CHEMBL24494,CHEMBL2095188,5.4,Cn1sc(=O)n(-c2cccc(Br)c2)c1=O,COX1
CHEMBL24537,CHEMBL2095188,5.4,Cn1sc(=O)n(-c2ccc(Cl)cc2)c1=O,COX1
CHEMBL24693,CHEMBL2095188,5.0,CCn1c(=O)sn(C2CCCCC2)c1=O,COX1
CHEMBL24721,CHEMBL2095188,5.96,Cn1sc(=O)n(-c2ccc(Br)cc2)c1=O,COX1
CHEMBL247228,CHEMBL2095188,5.66,Nc1ncnc2occ(-c3ccc(NC(=O)Nc4cc(C(F)(F)F)ccc4F)cc3)c12,COX1
CHEMBL24753,CHEMBL2095188,5.3,Cc1ccc(-n2c(=O)sn(C)c2=O)cc1,COX1
CHEMBL253769,CHEMBL2095188,8.4,CC(=O)O/N=C1C(=C2/C(=O)Nc3cc(Cl)c(Cl)cc32)/Nc2ccccc2/1,COX1
CHEMBL253770,CHEMBL2095188,7.8,O=C1Nc2ccc(Br)cc2/C1=C1/Nc2ccccc2/C1=N\O,COX1
CHEMBL25820,CHEMBL2095188,5.4,Cn1sc(=O)n(-c2ccc(F)cc2)c1=O,COX1
CHEMBL25829,CHEMBL2095188,4.6,CCn1sc(=O)n(CC)c1=O,COX1
CHEMBL258482,CHEMBL2095188,6.92,N#Cc1cc(I)c2[nH]c3c(c2c1)CC(=O)Nc1cccnc1-3,COX1
CHEMBL258700,CHEMBL2095188,6.1,COc1ccc2[nH]c3c(c2c1)CC(=O)Nc1cccnc1-3,COX1
CHEMBL258805,CHEMBL2095188,6.46,COc1ccc2c(c1)/C(=C/c1cnc[nH]1)C(=O)N2,COX1
CHEMBL259638,CHEMBL2095188,8.1,N#Cc1ccc2[nH]c3c(c2c1)CC(=O)Nc1cccnc1-3,COX1
CHEMBL259697,CHEMBL2095188,6.39,O=C1Cc2c(n3c4c(cccc24)CC3)-c2ncccc2N1,COX1
CHEMBL259850,CHEMBL2095188,6.98,COc1ccc(CNC(=O)Nc2ncc([N+](=O)[O-])s2)cc1,COX1
CHEMBL260045,CHEMBL2095188,7.75,O=C1Cc2c([nH]c3ccc(Cl)cc23)-c2cnccc2N1,COX1
CHEMBL260119,CHEMBL2095188,7.89,O=C1Cc2c([nH]c3ccc(C(F)(F)F)cc23)-c2cnccc2N1,COX1
CHEMBL260135,CHEMBL2095188,6.6,Nc1n[nH]c2nnc(-c3ccccc3)c(-c3ccccc3)c12,COX1
CHEMBL260136,CHEMBL2095188,7.68,N#Cc1ccc2[nH]c3c(c2c1)CC(=O)Nc1ccncc1-3,COX1
CHEMBL260428,CHEMBL2095188,6.39,O=C1Cc2c(n(Cc3ccccc3)c3ccccc23)-c2cnccc2N1,COX1
CHEMBL260487,CHEMBL2095188,7.6,O=C1Cc2c([nH]c3ccc(I)cc23)-c2ncccc2N1,COX1
CHEMBL260656,CHEMBL2095188,6.0,Cn1c2c(c3ccccc31)CC(=O)Nc1cccnc1-2,COX1
CHEMBL260657,CHEMBL2095188,7.29,O=C1Cc2c([nH]c3ccc(F)cc23)-c2cnccc2N1,COX1
CHEMBL260678,CHEMBL2095188,6.1,O=C1Cc2c([nH]c3ccccc23)-c2ncccc2N1,COX1
CHEMBL260679,CHEMBL2095188,6.1,O=C1Cc2c([nH]c3cc(Cl)cc(Cl)c23)-c2ncccc2N1,COX1
CHEMBL261025,CHEMBL2095188,4.0,O=C1Cc2c([nH]c3ccc(C(=O)O)cc23)-c2ncccc2N1,COX1
CHEMBL261252,CHEMBL2095188,5.85,O=C1Cc2c([nH]c3ccc(O)cc23)-c2ncccc2N1,COX1
CHEMBL261439,CHEMBL2095188,6.37,Nc1n[nH]c2ncc(-c3ccccc3)cc12,COX1
CHEMBL261470,CHEMBL2095188,7.1,O=C1Cc2c([nH]c3ccc(F)cc23)-c2ncccc2N1,COX1
CHEMBL261720,CHEMBL2095188,6.85,Nc1nc(Nc2ccc(S(N)(=O)=O)cc2)nn1C(=S)Nc1c(F)cccc1F,COX1
CHEMBL26218,CHEMBL2095188,5.3,CCn1c(=O)sn(C)c1=O,COX1
CHEMBL26241,CHEMBL2095188,5.16,CCn1sc(=O)n(Cc2ccccc2)c1=O,COX1
CHEMBL26274,CHEMBL2095188,5.7,Cn1sc(=O)n(-c2cccc3ccccc23)c1=O,COX1
CHEMBL264177,CHEMBL2095188,7.55,N#Cc1ccc2c(c1)-c1[nH]c3ccc(C#N)cc3c1CC(=O)N2,COX1
CHEMBL26515,CHEMBL2095188,5.7,COc1ccc(-n2c(=O)sn(C)c2=O)cc1,COX1
CHEMBL26551,CHEMBL2095188,4.46,CCn1c(=O)sn(C(C)C)c1=O,COX1
CHEMBL28,CHEMBL2095188,5.85,O=c1cc(-c2ccc(O)cc2)oc2cc(O)cc(O)c12,COX1
CHEMBL284365,CHEMBL2095188,5.0,O=c1sn(Cc2ccccc2)c(=O)n1Cc1ccccc1,COX1
CHEMBL284861,CHEMBL2095188,5.7,Cn1sc(=O)n(Cc2ccccc2)c1=O,COX1
CHEMBL286009,CHEMBL2095188,5.0,CCCn1sc(=O)n(CC)c1=O,COX1
CHEMBL287864,CHEMBL2095188,5.7,Cn1sc(=O)n(-c2ccccc2)c1=O,COX1
CHEMBL288064,CHEMBL2095188,5.1,Ic1cccc(CSc2nnc(-c3ccncc3)o2)c1,COX1
CHEMBL296586,CHEMBL2095188,7.64,O=C1Cc2c([nH]c3ccc(Br)cc23)-c2ccccc2N1,COX1
CHEMBL303926,CHEMBL2095188,6.2,Fc1ccc(/C=N/Nc2ncnc3c2cnn3-c2ccccc2)cc1,COX1
CHEMBL304533,CHEMBL2095188,8.8,CN(C)CCNC(=O)c1ccc(/C=N/Nc2ncnc3c2cnn3-c2cccc3[nH]cnc23)cc1,COX1
CHEMBL305901,CHEMBL2095188,5.64,c1ccc(-c2cc3[nH]ccnc-3n2)cc1,COX1
CHEMBL306263,CHEMBL2095188,5.72,Fc1ccc(-c2cc3[nH]ccnc-3n2)cc1,COX1
CHEMBL306347,CHEMBL2095188,5.1,Clc1ccc(-c2[nH]c3nccnc3c2CC2CCCCC2)cc1,COX1
CHEMBL306355,CHEMBL2095188,5.23,CCCCc1c(-c2ccc(Cl)cc2)[nH]c2nccnc12,COX1
CHEMBL306498,CHEMBL2095188,6.04,CCCCc1c(-c2ccc(OC)cc2)[nH]c2nccnc12,COX1
CHEMBL306865,CHEMBL2095188,8.2,COc1cccc(-n2ncc3c(N/N=C/c4ccncc4)ncnc32)c1,COX1
CHEMBL307943,CHEMBL2095188,5.59,Cc1ccc(-c2cc3[nH]ccnc-3n2)cc1,COX1
CHEMBL308293,CHEMBL2095188,6.4,CCCc1c(-c2ccc(OC)cc2)[nH]c2nccnc12,COX1
CHEMBL3091536,CHEMBL2095188,7.92,Cn1c(N2CCO[C@@H](c3ccc(F)cc3)C2)nc(-c2ccncn2)cc1=O,COX1
CHEMBL309347,CHEMBL2095188,6.3,COc1ccc(-c2[nH]c3nccnc3c2C(C)C)cc1,COX1
CHEMBL310036,CHEMBL2095188,5.17,Clc1ccc(-c2[nH]c3nccnc3c2Cc2ccccc2)cc1,COX1
CHEMBL312065,CHEMBL2095188,4.7,COc1cc(-c2cc3[nH]ccnc-3n2)cc(OC)c1OC,COX1
CHEMBL31574,CHEMBL2095188,6.38,O=c1c(O)c(-c2ccc(O)c(O)c2)oc2cc(O)ccc12,COX1
CHEMBL321192,CHEMBL2095188,6.22,COc1ccc2c(c1)C(=O)C(c1c(O)[nH]c3ccccc13)=N2,COX1
CHEMBL321194,CHEMBL2095188,6.7,COc1ccc2c(c1)C(=O)C(c1c(O)[nH]c3ccc(OC)cc13)=N2,COX1
CHEMBL3216659,CHEMBL2095188,8.89,Cl.Cl.O=C1Nc2cc(Br)ccc2/C1=C1/Nc2ccccc2/C1=N\OCCN1CCNCC1,COX1
CHEMBL322970,CHEMBL2095188,6.89,O=C1NC(=O)C(c2ccccc2[N+](=O)[O-])=C1Nc1ccc(O)c(Cl)c1,COX1
CHEMBL326919,CHEMBL2095188,6.26,Cc1ccc2c(c1)C(=O)C(c1c(O)[nH]c3ccccc13)=N2,COX1
CHEMBL3297832,CHEMBL2095188,5.7,COc1c(O)ccc2c(=O)c3c(O)cc4c(c3[nH]c12)C=CC(C)(C)O4,COX1
CHEMBL3318007,CHEMBL2095188,5.8,O=C(O)[C@H]1C2CCC(CC2)[C@@H]1Nc1nc(-c2c[nH]c3ncc(F)cc23)ncc1F,COX1
CHEMBL3335119,CHEMBL2095188,8.1,CO[C@H]1CC[C@H](NC(=O)c2n[nH]cc2NC(=O)C2CCC(F)(F)CC2)CC1,COX1
CHEMBL3335120,CHEMBL2095188,8.1,CO[C@H]1CC[C@H](NC(=O)c2n[nH]cc2NC(=O)C2CCOCC2)CC1,COX1
CHEMBL3335121,CHEMBL2095188,6.85,CO[C@H]1CC[C@H](NC(=O)c2n[nH]cc2NC(=O)Cc2ccccc2F)CC1,COX1
CHEMBL3335122,CHEMBL2095188,6.68,COc1ccccc1CC(=O)Nc1c[nH]nc1C(=O)N[C@H]1CC[C@H](OC)CC1,COX1
CHEMBL3335123,CHEMBL2095188,6.7,CO[C@H]1CC[C@H](NC(=O)c2n[nH]cc2NC(=O)Cc2c(Cl)cccc2Cl)CC1,COX1
CHEMBL3335127,CHEMBL2095188,7.7,CCc1ccccc1C(=O)Nc1c[nH]nc1C(=O)N[C@H]1CC[C@H](OC)CC1,COX1
CHEMBL3335129,CHEMBL2095188,7.7,CO[C@H]1CC[C@H](NC(=O)c2n[nH]cc2NC(=O)c2ccccc2Nc2ccccc2)CC1,COX1
CHEMBL3335140,CHEMBL2095188,7.52,CO[C@H]1CC[C@H](NC(=O)c2n[nH]cc2NC(=O)c2ccccc2Nc2cccc(C)c2C)CC1,COX1
CHEMBL3335142,CHEMBL2095188,7.05,COc1cc(OC)c(C(=O)Nc2c[nH]nc2C(=O)N[C@H]2CC[C@H](OC)CC2)c(OC)c1,COX1
CHEMBL3335152,CHEMBL2095188,7.38,CO[C@H]1CC[C@H](NC(=O)c2n[nH]cc2NC(=O)c2c(C)nc3ccccn23)CC1,COX1
CHEMBL3335154,CHEMBL2095188,8.3,CO[C@H]1CC[C@H](NC(=O)c2n[nH]cc2NC(=O)c2ncoc2-c2ccccc2)CC1,COX1
CHEMBL3335155,CHEMBL2095188,6.66,COc1cccc(OC)c1C(=O)Nc1c[nH]nc1C(=O)NC1CC1,COX1
CHEMBL3335156,CHEMBL2095188,7.1,COc1cccc(OC)c1C(=O)Nc1c[nH]nc1C(=O)NC1CCC1,COX1
CHEMBL3335157,CHEMBL2095188,7.3,COc1cccc(OC)c1C(=O)Nc1c[nH]nc1C(=O)NC1CCCCC1,COX1
CHEMBL3335158,CHEMBL2095188,7.7,COc1cccc(OC)c1C(=O)Nc1c[nH]nc1C(=O)NC1CCCCCC1,COX1
CHEMBL3335160,CHEMBL2095188,6.35,COc1cccc(OC)c1C(=O)Nc1c[nH]nc1C(=O)NN1CCOCC1,COX1
CHEMBL3335161,CHEMBL2095188,6.48,COc1cccc(OC)c1C(=O)Nc1c[nH]nc1C(=O)NCc1ccccc1,COX1
CHEMBL3335162,CHEMBL2095188,6.5,COc1cccc(OC)c1C(=O)Nc1c[nH]nc1C(=O)NCc1ccccn1,COX1
CHEMBL3335163,CHEMBL2095188,6.06,COc1cccc(OC)c1C(=O)Nc1c[nH]nc1C(=O)NCc1ncccc1C,COX1
CHEMBL3335165,CHEMBL2095188,7.16,COc1cccc(OC)c1C(=O)Nc1c[nH]nc1C(=O)Nc1ccccc1,COX1
CHEMBL3335166,CHEMBL2095188,6.92,COc1cccc(OC)c1C(=O)Nc1c[nH]nc1C(=O)Nc1ccncc1,COX1
CHEMBL3335167,CHEMBL2095188,6.03,COc1cccc(OC)c1C(=O)Nc1c[nH]nc1C(=O)Nc1ccccn1,COX1
CHEMBL3335168,CHEMBL2095188,7.16,COc1cccc(OC)c1C(=O)Nc1c[nH]nc1C(=O)N[C@H]1CC[C@H](O)CC1,COX1
CHEMBL3335169,CHEMBL2095188,6.85,COc1cccc(OC)c1C(=O)Nc1c[nH]nc1C(=O)NC1CCN(C(=O)OC(C)(C)C)CC1,COX1
CHEMBL3335170,CHEMBL2095188,7.1,COc1cccc(OC)c1C(=O)Nc1c[nH]nc1C(=O)NC1CCN(Cc2ccccc2)C1,COX1
CHEMBL3335171,CHEMBL2095188,6.52,COCCNC(=O)c1n[nH]cc1NC(=O)c1c(OC)cccc1OC,COX1
CHEMBL3335172,CHEMBL2095188,7.0,CCCCCNC(=O)c1n[nH]cc1NC(=O)c1c(OC)cccc1OC,COX1
CHEMBL3335174,CHEMBL2095188,6.33,COc1cccc(OC)c1C(=O)Nc1c[nH]nc1C(=O)NCCCN(C)C,COX1
CHEMBL3335175,CHEMBL2095188,6.18,COc1cccc(OC)c1C(=O)Nc1c[nH]nc1C(=O)NCCN1CCCC1,COX1
CHEMBL3335176,CHEMBL2095188,6.2,COc1cccc(OC)c1C(=O)Nc1c[nH]nc1C(=O)NCCN1CCOCC1,COX1
CHEMBL3335177,CHEMBL2095188,5.0,COc1cccc(OC)c1C(=O)Nc1c[nH]nc1C(=O)O,COX1
CHEMBL3335178,CHEMBL2095188,5.35,COC(=O)c1n[nH]cc1NC(=O)c1c(OC)cccc1OC,COX1
CHEMBL3338885,CHEMBL2095188,5.89,COc1ccc2[nH]c3c(=O)[nH]nc(-c4ccccc4)c3c2c1,COX1
CHEMBL3338886,CHEMBL2095188,5.85,COc1ccc(-c2n[nH]c(=O)c3[nH]c4ccc(OC)cc4c23)cc1,COX1
CHEMBL3338891,CHEMBL2095188,5.6,COc1ccc(Nc2cc(-c3ccc(OC)cc3)n[nH]c2=O)cc1,COX1
CHEMBL3338893,CHEMBL2095188,5.02,COc1ccc(Nc2cc(-c3ccncc3)n[nH]c2=O)cc1,COX1
CHEMBL336961,CHEMBL2095188,7.75,O=C1Cc2c([nH]c3ccc(Br)cc23)-c2ncccc2N1,COX1
CHEMBL337300,CHEMBL2095188,8.05,O=Nc1c(-c2c(O)[nH]c3ccc(I)cc23)[nH]c2ccccc12,COX1
CHEMBL3401977,CHEMBL2095188,6.92,O=P(O)(O)CC[C@H]1C2CCC(CC2)[C@@H]1Nc1nc(-c2c[nH]c3ncc(F)cc23)ncc1F,COX1
CHEMBL3401978,CHEMBL2095188,7.64,O=c1[nH]c(=O)n(C[C@H]2C3CCC(CC3)[C@@H]2Nc2nc(-c3c[nH]c4ncc(F)cc34)ncc2F)o1,COX1
CHEMBL3401979,CHEMBL2095188,7.22,Oc1cc([C@H]2C3CCC(CC3)[C@@H]2Nc2nc(-c3c[nH]c4ncc(F)cc34)ncc2F)no1,COX1
CHEMBL3401980,CHEMBL2095188,6.51,CC(=O)NS(=O)(=O)[C@H]1C2CCC(CC2)[C@@H]1Nc1nc(-c2c[nH]c3ncc(F)cc23)ncc1F,COX1
CHEMBL3401981,CHEMBL2095188,5.8,Oc1cc([C@H]2C3CCC(CC3)[C@@H]2Nc2nc(-c3c[nH]c4ncc(F)cc34)ncc2F)on1,COX1
CHEMBL3401983,CHEMBL2095188,7.07,NS(=O)(=O)[C@H]1C2CCC(CC2)[C@@H]1Nc1nc(-c2c[nH]c3ncc(F)cc23)ncc1F,COX1
CHEMBL3401984,CHEMBL2095188,7.11,OCC(O)[C@H]1C2CCC(CC2)[C@@H]1Nc1nc(-c2c[nH]c3ncc(F)cc23)ncc1F,COX1
CHEMBL3401985,CHEMBL2095188,5.92,Oc1cc([C@H]2C3CCC(CC3)[C@@H]2Nc2nc(-c3c[nH]c4ncc(F)cc34)ncc2F)[nH]n1,COX1
CHEMBL3401986,CHEMBL2095188,6.64,CNC(=O)[C@H]1C2CCC(CC2)[C@@H]1Nc1nc(-c2c[nH]c3ncc(F)cc23)ncc1F,COX1
CHEMBL3401987,CHEMBL2095188,7.18,CC(O)[C@H]1C2CCC(CC2)[C@@H]1Nc1nc(-c2c[nH]c3ncc(F)cc23)ncc1F,COX1
CHEMBL3401988,CHEMBL2095188,6.01,Cc1noc([C@H]2C3CCC(CC3)[C@@H]2Nc2nc(-c3c[nH]c4ncc(F)cc34)ncc2F)n1,COX1
CHEMBL3401989,CHEMBL2095188,5.96,Cc1nnc([C@H]2C3CCC(CC3)[C@@H]2Nc2nc(-c3c[nH]c4ncc(F)cc34)ncc2F)o1,COX1
CHEMBL3401990,CHEMBL2095188,7.11,CS(=O)(=O)[C@H]1C2CCC(CC2)[C@@H]1Nc1nc(-c2c[nH]c3ncc(F)cc23)ncc1F,COX1
CHEMBL352781,CHEMBL2095188,7.05,CC(=O)O/N=C1/C(c2c(O)[nH]c3cc(F)ccc23)=Nc2ccccc21,COX1
CHEMBL353554,CHEMBL2095188,7.89,CC(=O)O/N=C1/C(c2c(O)[nH]c3cc(I)ccc23)=Nc2ccccc21,COX1
CHEMBL354042,CHEMBL2095188,6.47,O=Nc1c(-c2c(O)[nH]c3ccccc23)[nH]c2cc(Br)ccc12,COX1
CHEMBL354276,CHEMBL2095188,7.52,CO/N=C1/C(c2c(O)[nH]c3cc(Br)ccc23)=Nc2ccccc21,COX1
CHEMBL3582401,CHEMBL2095188,8.05,[11CH3]n1cc(C2=C(c3ccc(Cl)cc3Cl)C(=O)NC2=O)c2ccccc21,COX1
CHEMBL359482,CHEMBL2095188,7.62,Cc1cc(Nc2nc(-c3ccccc3)nc3ccccc23)n[nH]1,COX1
CHEMBL359537,CHEMBL2095188,8.32,O=C1NC(=O)C(c2cnc3cccnn23)=C1c1cn2c3c(cccc13)CNCC2,COX1
CHEMBL359871,CHEMBL2095188,8.96,CC(=O)N1CCn2cc(C3=C(c4cccc5c4OCC5)C(=O)NC3=O)c3cccc(c32)C1,COX1
CHEMBL361007,CHEMBL2095188,8.49,O=C1NC(=O)C(c2cnc3cnccn23)=C1c1cn2c3c(cccc13)CN(C(=O)N1CCOCC1)CC2,COX1
CHEMBL361125,CHEMBL2095188,7.57,O=C1NC(=O)C(c2cn3c4c(cccc24)CNCC3)=C1c1ccc2c(c1)OCO2,COX1
CHEMBL361127,CHEMBL2095188,6.6,c1ccc(-c2nc(Nc3nc[nH]n3)c3ccccc3n2)cc1,COX1
CHEMBL361204,CHEMBL2095188,7.15,O=C1NC(=O)C(c2cnc3ccncn23)=C1c1cn2c3c(cccc13)CN(C(=O)N1CCOCC1)CC2,COX1
CHEMBL361635,CHEMBL2095188,8.49,O=C1NC(=O)C(c2cncc3ccoc23)=C1c1cn2c3c(cccc13)CNCC2,COX1
CHEMBL361746,CHEMBL2095188,6.92,O=C1NC(=O)C(c2cnc3ncccn23)=C1c1cn2c3c(cccc13)CNCC2,COX1
CHEMBL361765,CHEMBL2095188,8.82,CC(=O)N1CCn2cc(C3=C(c4cccc5ccoc45)C(=O)NC3=O)c3cccc(c32)C1,COX1
CHEMBL361948,CHEMBL2095188,8.72,CC(=O)N1CCn2cc(C3=C(c4cnc5ccccn45)C(=O)NC3=O)c3cccc(c32)C1,COX1
CHEMBL361996,CHEMBL2095188,8.47,O=C1NC(=O)C(c2cccc3ccoc23)=C1c1cn2c3c(cccc13)CNCC2,COX1
CHEMBL362221,CHEMBL2095188,7.52,O=C1NC(=O)C(c2ccn3ncccc23)=C1c1cn2c3c(cccc13)CNCC2,COX1
CHEMBL362259,CHEMBL2095188,7.08,O=C1NC(=O)C(c2cn3c4c(cccc24)CNCC3)=C1c1ccc2c(c1)COC2,COX1
CHEMBL362587,CHEMBL2095188,7.48,Cn1ccc2c(C3=C(c4cn5c6c(cccc46)CNCC5)C(=O)NC3=O)cccc21,COX1
CHEMBL362588,CHEMBL2095188,8.7,O=C1NC(=O)C(c2cnc3ccccn23)=C1c1cn2c3c(cccc13)CN(C(=O)N1CCCCC1)CC2,COX1
CHEMBL362814,CHEMBL2095188,8.8,CN(C)C(=O)N1CCn2cc(C3=C(c4cnc5ccccn45)C(=O)NC3=O)c3cccc(c32)C1,COX1
CHEMBL362830,CHEMBL2095188,6.82,O=C1NC(=O)C(c2cccc3cc[nH]c23)=C1c1cn2c3c(cccc13)CNCC2,COX1
CHEMBL363130,CHEMBL2095188,7.58,Cc1ccsc1C(=O)n1nc(Nc2ccc(S(N)(=O)=O)cc2)nc1N,COX1
CHEMBL363607,CHEMBL2095188,7.51,Cc1ccc(F)c(C(=O)n2nc(Nc3ccc(S(N)(=O)=O)cc3)nc2C)c1F,COX1
CHEMBL366414,CHEMBL2095188,8.4,O=Nc1c(-c2c(O)[nH]c3cc(Cl)c(Cl)cc23)[nH]c2ccccc12,COX1
CHEMBL367113,CHEMBL2095188,7.3,O=C1C(c2c(O)[nH]c3ccc(Cl)cc23)=Nc2ccccc21,COX1
CHEMBL367345,CHEMBL2095188,7.11,O=C1C(c2c(O)[nH]c3ccc(F)cc23)=Nc2ccccc21,COX1
CHEMBL367664,CHEMBL2095188,7.52,O=C1C(c2c(O)[nH]c3cc(Cl)c(Cl)cc23)=Nc2ccccc21,COX1
CHEMBL367687,CHEMBL2095188,4.66,O=C1C(c2c(O)[nH]c3ccccc23)=Nc2cc(Br)ccc21,COX1
CHEMBL368112,CHEMBL2095188,7.0,O=C1C(c2c(O)[nH]c3cc(Br)c([N+](=O)[O-])cc23)=Nc2ccccc21,COX1
CHEMBL368246,CHEMBL2095188,8.74,CC(C)C(=O)N1CCn2cc(C3=C(c4cnc5ccccn45)C(=O)NC3=O)c3cccc(c32)C1,COX1
CHEMBL368248,CHEMBL2095188,7.19,O=C1NC(=O)C(c2cn3c4c(cccc24)CNCC3)=C1c1coc2ccccc12,COX1
CHEMBL368426,CHEMBL2095188,6.89,O=C1NC(=O)C(c2cn3c4c(cccc24)CNCC3)=C1c1cccc2c1CCO2,COX1
CHEMBL368954,CHEMBL2095188,7.19,C=Cc1ccc2c(C3=Nc4ccccc4/C3=N\OC(C)=O)c(O)[nH]c2c1,COX1
CHEMBL369090,CHEMBL2095188,8.89,O=C1NC(=O)C(c2ccn3ncccc23)=C1c1cn2c3c(cccc13)CN(C(=O)N1CCOCC1)CC2,COX1
CHEMBL369099,CHEMBL2095188,7.35,O=C1NC(=O)C(c2cccc3ccsc23)=C1c1cn2c3c(cccc13)CNCC2,COX1
CHEMBL369108,CHEMBL2095188,7.72,CC(=O)N1CCn2cc(C3=C(c4cccc5ccsc45)C(=O)NC3=O)c3cccc(c32)C1,COX1
CHEMBL369220,CHEMBL2095188,6.85,O=C1C(c2c(O)[nH]c3cc(Cl)ccc23)=Nc2ccccc21,COX1
CHEMBL369316,CHEMBL2095188,8.77,O=C1NC(=O)C(c2cnc3ncccn23)=C1c1cn2c3c(cccc13)CN(C(=O)N1CCOCC1)CC2,COX1
CHEMBL369572,CHEMBL2095188,8.72,O=C1NC(=O)C(c2cnc3ncccn23)=C1c1cn2c3c(cccc13)CN(C(=O)N1CCCCC1)CC2,COX1
CHEMBL369823,CHEMBL2095188,7.22,C=Cc1ccc2c(-c3[nH]c4ccccc4c3N=O)c(O)[nH]c2c1,COX1
CHEMBL371169,CHEMBL2095188,6.22,Clc1cccc(Nc2cncc(-c3cncc(NCCCn4cccn4)c3)n2)c1,COX1
CHEMBL372657,CHEMBL2095188,6.71,Clc1cccc(Nc2cncc(-c3cncc(NCCCn4cncn4)c3)n2)c1,COX1
CHEMBL373834,CHEMBL2095188,4.5,O=Nc1c(-c2c(O)[nH]c3c(Br)cccc23)[nH]c2ccccc12,COX1
CHEMBL374006,CHEMBL2095188,4.52,Cn1c(O)c(-c2[nH]c3ccccc3c2N=O)c2cccc(I)c21,COX1
CHEMBL3746095,CHEMBL2095188,5.15,Br.CCOC(=O)C/N=C1\NC(c2ccccc2)N(c2ccccc2)S1,COX1
CHEMBL3746152,CHEMBL2095188,5.47,Clc1cccc(C2=NC(c3ccccc3)=NN(c3ccccc3)c3ccccc32)c1,COX1
CHEMBL3747426,CHEMBL2095188,5.89,Br.Br.c1ccc(C/N=C2\NC(c3ccccc3)N(c3ccccc3)S2)cc1,COX1
CHEMBL3747661,CHEMBL2095188,6.4,COc1ccc(CNC(=O)Nc2nc(C)c(C(C)=O)s2)cc1,COX1
CHEMBL375657,CHEMBL2095188,4.92,O=c1ssc(=O)n1-c1ccccc1,COX1
CHEMBL376810,CHEMBL2095188,5.52,COc1ccc(CCN2C(=O)C=CC2=O)cc1,COX1
CHEMBL377410,CHEMBL2095188,4.0,Oc1[nH]c2c(Br)cccc2c1C1=Nc2ccccc2/C1=N\OCCBr,COX1
CHEMBL378190,CHEMBL2095188,5.03,CC(C)NC(=N)c1nc2ccc3ncn(C(C)C)c(=O)c3c2s1,COX1
CHEMBL379858,CHEMBL2095188,5.3,Oc1[nH]c2c(Br)cccc2c1C1=Nc2ccccc2/C1=N\OCCN1CCNCC1,COX1
CHEMBL383525,CHEMBL2095188,6.3,COc1cccc(-c2cn(C)c3c(N/N=C/c4ccncc4)ncnc23)c1,COX1
CHEMBL387385,CHEMBL2095188,5.48,O=C(N[C@H](CO)c1ccc(F)c(Cl)c1)c1cc(-c2n[nH]cc2-c2cccc(Cl)c2)c[nH]1,COX1
CHEMBL387762,CHEMBL2095188,5.22,O=C1C=CC(=O)N1,COX1
CHEMBL387881,CHEMBL2095188,4.3,O=C(CN1C(=O)CSC1=S)c1ccccc1,COX1
CHEMBL388088,CHEMBL2095188,5.7,CCOC(=O)Cn1c(=O)sn(C)c1=O,COX1
CHEMBL388978,CHEMBL2095188,7.92,CN[C@@H]1C[C@H]2O[C@@](C)([C@@H]1OC)n1c3ccccc3c3c4c(c5c6ccccc6n2c5c31)C(=O)NC4,COX1
CHEMBL388979,CHEMBL2095188,6.0,O=C1C=CC(=O)N1Cc1ccccc1,COX1
CHEMBL389053,CHEMBL2095188,4.0,Cn1c(=O)ssc1=O,COX1
CHEMBL390330,CHEMBL2095188,4.0,NN1C(=O)CSC1=S,COX1
CHEMBL390546,CHEMBL2095188,4.0,O=C(Cn1c(=O)n(-c2ccccc2)c(=O)n1CC(=O)c1ccccc1)c1ccccc1,COX1
CHEMBL393929,CHEMBL2095188,6.3,O=C1N=C(NCc2cccs2)S/C1=C\c1ccc2ncccc2c1,COX1
CHEMBL4061357,CHEMBL2095188,8.4,O=C1Nc2cc(Cl)c(Cl)cc2/C1=C1/Nc2ccccc2/C1=N\O,COX1
CHEMBL4065167,CHEMBL2095188,5.12,CCS(=O)(=O)c1ccc(OC)c(Nc2ncc(/C=C/c3ccccc3)o2)c1,COX1
CHEMBL406619,CHEMBL2095188,7.28,O=C1Cc2c([nH]c3ccc(Br)cc23)-c2cnccc2N1,COX1
CHEMBL406748,CHEMBL2095188,7.2,O=C1Cc2c([nH]c3ccc(Cl)cc23)-c2ncccc2N1,COX1
CHEMBL407408,CHEMBL2095188,6.41,COc1ccc2[nH]c3c(c2c1)CC(=O)Nc1ccncc1-3,COX1
CHEMBL407413,CHEMBL2095188,5.75,O=C1Cc2c([nH]c3c(F)cc(F)cc23)-c2ncccc2N1,COX1
CHEMBL408634,CHEMBL2095188,6.28,Nc1n[nH]c2nnc(-c3ccccc3)cc12,COX1
CHEMBL409450,CHEMBL2095188,8.3,O=C1Nc2cc(Br)ccc2/C1=C1/Nc2ccccc2/C1=N\O,COX1
CHEMBL409492,CHEMBL2095188,6.89,Cc1ccc2[nH]c3c(c2c1)CC(=O)Nc1cccnc1-3,COX1
CHEMBL411133,CHEMBL2095188,6.1,CCn1c2c(c3ccccc31)CC(=O)Nc1ccncc1-2,COX1
CHEMBL411641,CHEMBL2095188,6.4,Cn1c2c(c3ccccc31)CC(=O)Nc1ccncc1-2,COX1
CHEMBL411728,CHEMBL2095188,8.1,O=C1Cc2c([nH]c3ccc(C(F)(F)F)cc23)-c2ncccc2N1,COX1
CHEMBL412255,CHEMBL2095188,4.89,CCn1c2c(c3ccccc31)CC(=O)Nc1cccnc1-2,COX1
CHEMBL413294,CHEMBL2095188,5.42,N#Cc1ccc2[nH]c3c(c2c1)CC(=O)Nc1ccc(Br)nc1-3,COX1
CHEMBL417835,CHEMBL2095188,5.22,Cn1sc(=O)n(-c2ccc(C(F)(F)F)cc2)c1=O,COX1
CHEMBL418203,CHEMBL2095188,6.35,CN1CCC(c2c(O)cc(O)c3c(=O)cc(-c4ccccc4Cl)oc23)[C@@H](O)C1,COX1
CHEMBL419273,CHEMBL2095188,5.7,COc1ccc(-c2[nH]c3nccnc3c2C)cc1OC,COX1
CHEMBL421087,CHEMBL2095188,4.7,O=C1NC(=O)c2c1c1ccccc1c1[nH]c3ccccc3c21,COX1
CHEMBL426243,CHEMBL2095188,7.92,O=C1NC(=O)C(c2cnc3ccccn23)=C1c1cn2c3c(cccc13)CNCC2,COX1
CHEMBL4283765,CHEMBL2095188,6.39,O=C1NC(Nc2ccccc2)=N/C1=C/c1ccc2c(c1)OCO2,COX1
CHEMBL428690,CHEMBL2095188,6.55,CN1CC[C@H](c2c(O)cc(O)c3c(=O)cc(-c4ccccc4Cl)oc23)[C@H](O)C1,COX1
CHEMBL429329,CHEMBL2095188,5.68,O=C1Cc2c(n(Cc3ccccc3)c3ccccc23)-c2ncccc2N1,COX1
CHEMBL430226,CHEMBL2095188,8.0,CC(=O)O/N=C1C(=C2/C(=O)Nc3cc(Br)ccc32)/Nc2ccccc2/1,COX1
CHEMBL439502,CHEMBL2095188,5.8,CC(C)n1cnc2ccc3nc(C4=NCCN4)sc3c2c1=O,COX1
CHEMBL441109,CHEMBL2095188,6.92,O=Nc1c(-c2c(O)[nH]c3cc(Br)ccc23)[nH]c2cc(Br)ccc12,COX1
CHEMBL4435779,CHEMBL2095188,5.8,O=S(=O)(NCCCn1ccnc1)c1ccnc2[nH]c(-c3ccc(C(F)(F)F)cc3)nc12,COX1
CHEMBL445649,CHEMBL2095188,8.49,CN(C)C(=O)N1CCn2cc(C3=C(c4cccc5c4OCO5)C(=O)NC3=O)c3cccc(c32)C1,COX1
CHEMBL453128,CHEMBL2095188,6.55,CCCCOC(=N)c1nc2ccc3ncn(C(C)C)c(=O)c3c2s1,COX1
CHEMBL453129,CHEMBL2095188,6.89,CC(C)n1cnc2ccc3nc(C(=N)OCc4ccccc4)sc3c2c1=O,COX1
CHEMBL453130,CHEMBL2095188,6.19,CCn1cnc2ccc3nc(C(=N)OC(C)C)sc3c2c1=O,COX1
CHEMBL453131,CHEMBL2095188,6.82,CCCCOC(=N)c1nc2ccc3ncn(CC)c(=O)c3c2s1,COX1
CHEMBL453132,CHEMBL2095188,6.77,CCn1cnc2ccc3nc(C(=N)OCc4ccccc4)sc3c2c1=O,COX1
CHEMBL453133,CHEMBL2095188,6.52,CCn1cnc2ccc3nc(C(=N)OCCc4ccccc4)sc3c2c1=O,COX1
CHEMBL454126,CHEMBL2095188,6.58,CC(C)OC(=N)c1nc2ccc3ncn(C(C)C)c(=O)c3c2s1,COX1
CHEMBL454130,CHEMBL2095188,5.62,CCn1cnc2ccc3nc(C(=N)NCc4ccccc4)sc3c2c1=O,COX1
CHEMBL4544238,CHEMBL2095188,7.51,COc1ccc(-c2ccnc3[nH]c(-c4ccc(C(=O)N5CCCCC5)cc4)nc23)cc1,COX1
CHEMBL45477,CHEMBL2095188,5.32,CN1CCC(c2c(O)cc(O)c3c2O/C(=C\c2ccc([N+](=O)[O-])cc2)C3=O)CC1,COX1
CHEMBL4562585,CHEMBL2095188,8.52,CCSc1ccncc1NC(=O)c1ccnc2[nH]c(-c3ccc(N4CCCC4)cc3)nc12,COX1
CHEMBL4566900,CHEMBL2095188,7.89,O=C(NCCCn1ccnc1)c1ccnc2[nH]c(-c3ccc(C(F)(F)F)cc3)nc12,COX1
CHEMBL461739,CHEMBL2095188,6.28,CC(C)n1cnc2ccc3nc(C(=N)NCc4ccccc4)sc3c2c1=O,COX1
CHEMBL46181,CHEMBL2095188,5.76,CN1CCC(c2c(O)cc(O)c3c2O/C(=C\c2ccc(N4CCN(C)CC4)cc2)C3=O)CC1,COX1
CHEMBL48362,CHEMBL2095188,5.43,CN1CCC(c2c(O)cc(O)c3c2O/C(=C\c2ccc(S(N)(=O)=O)cc2)C3=O)CC1,COX1
CHEMBL485053,CHEMBL2095188,4.82,CN1C(=O)/C(=C/c2ccc3c(c2)OCO3)N=C1N,COX1
CHEMBL48614,CHEMBL2095188,5.0,CN1CCC(c2c(O)cc(O)c3c2O/C(=C\c2ccccc2Cl)C3=O)CC1,COX1
CHEMBL493657,CHEMBL2095188,5.54,O=C1Nc2cc(Br)ccc2/C1=C1/Nc2ccccc2/C1=N\OCCN1CCN(CCOCCO)CC1,COX1
CHEMBL50,CHEMBL2095188,5.68,O=c1c(O)c(-c2ccc(O)c(O)c2)oc2cc(O)cc(O)c12,COX1
CHEMBL506669,CHEMBL2095188,5.68,CCOC(=N)c1nc2ccc3ncn(CC)c(=O)c3c2s1,COX1
CHEMBL5085086,CHEMBL2095188,5.35,COC[C@@H](CC(C)C)NC1=N/C(=C\c2ccc3ncsc3c2)C(=O)N1C,COX1
CHEMBL50894,CHEMBL2095188,8.4,O=C1Cc2c([nH]c3ccc([N+](=O)[O-])cc23)-c2ccccc2N1,COX1
CHEMBL510863,CHEMBL2095188,6.82,CCOC(=N)c1nc2ccc3ncn(C(C)C)c(=O)c3c2s1,COX1
CHEMBL51709,CHEMBL2095188,5.38,CN1CCC(c2c(O)cc(O)c3c2O/C(=C\c2ccccc2)C3=O)CC1,COX1
CHEMBL5174733,CHEMBL2095188,9.22,[11CH3]Oc1ccc2c(NC(=O)Nc3cccc(C(F)(F)F)c3)ccnc2c1,COX1
CHEMBL5176600,CHEMBL2095188,8.31,[11CH3]N1CCN(S(=O)(=O)c2ccc(-c3cnc(N)c(C(=O)Nc4cccnc4)n3)cc2)CC1,COX1
CHEMBL5190086,CHEMBL2095188,8.77,CCn1cc(C2=C(c3cccc(OCC[18F])c3)C(=O)NC2=O)c2cc(F)ccc21,COX1
CHEMBL5191815,CHEMBL2095188,6.42,C.O=c1oc2cc(O)ccc2c2c1[nH]c1ccccc12,COX1
CHEMBL521868,CHEMBL2095188,6.5,Cl.O=C1Nc2cc(Br)ccc2/C1=C1/Nc2ccccc2/C1=N\OCCN(CCO)CCO,COX1
CHEMBL522503,CHEMBL2095188,6.16,O=C1Nc2cc(Br)ccc2/C1=C1/Nc2ccccc2/C1=N\OCCN1CCN(CCO)CC1,COX1
CHEMBL523714,CHEMBL2095188,6.82,O=C1Nc2cc(Br)ccc2/C1=C1/Nc2ccccc2/C1=N\OCCN1CCNCC1,COX1
CHEMBL5278465,CHEMBL2095188,6.7,O=C(Nc1cnccc1-c1ccc(Cl)cc1)c1ccnc(NC(=O)C2CC2)c1,COX1
CHEMBL5401931,CHEMBL2095188,7.52,O=C(Nc1cnccc1-c1ccccc1)c1ccnc(Nc2ccncc2)n1,COX1
CHEMBL5402829,CHEMBL2095188,7.47,O=C(Nc1cnccc1-c1ccc(F)cc1)c1ccnc(Nc2ccc(F)cc2)n1,COX1
CHEMBL5403642,CHEMBL2095188,5.33,COC[C@H](CC(C)C)NC1=N/C(=C\c2ccc3ncsc3c2)C(=O)N1,COX1
CHEMBL5404070,CHEMBL2095188,7.01,Cc1cc(C#N)ccc1Nc1nccc(C(=O)Nc2cnccc2-c2ccccc2)n1,COX1
CHEMBL5404581,CHEMBL2095188,7.92,N#Cc1ccc(Nc2nccc(C(=O)Nc3cnccc3-c3ccccc3)n2)cc1,COX1
CHEMBL5406672,CHEMBL2095188,5.05,COC[C@@H](CC(C)C)NC1=N/C(=C\c2ccc3ncsc3c2)C(=O)N1C1CC1,COX1
CHEMBL5407971,CHEMBL2095188,8.0,CS(=O)(=O)c1ccc(Nc2nccc(C(=O)Nc3cnccc3-c3ccccc3)n2)cc1,COX1
CHEMBL5408047,CHEMBL2095188,5.09,CC(C)C[C@@H](CO)NC1=N/C(=C\c2ccc3ncsc3c2)C(=O)N1,COX1
CHEMBL5409061,CHEMBL2095188,8.85,N#Cc1ccc(Nc2nccc(C(=O)Nc3cnccc3OCC(F)(F)F)n2)cc1,COX1
CHEMBL5409415,CHEMBL2095188,5.78,O=C(Nc1cnccc1-c1ccccc1)c1ccnc(Nc2ccc(Cl)cc2)c1,COX1
CHEMBL5410129,CHEMBL2095188,7.34,O=C(Nc1cnccc1-c1ccccc1)c1ccnc(Nc2cccnc2)n1,COX1
CHEMBL5412105,CHEMBL2095188,5.63,CC(C)C[C@H](CO)NC1=N/C(=C\c2ccc3ncsc3c2)C(=O)N1,COX1
CHEMBL5413819,CHEMBL2095188,7.31,O=C(Nc1cnccc1-c1ccccc1)c1ccnc(Nc2ccc(C(F)(F)F)cn2)c1,COX1
CHEMBL5414551,CHEMBL2095188,7.16,O=C(Nc1cnccc1-c1ccccc1)c1ccnc(Nc2ccc(Cl)cc2)n1,COX1
CHEMBL5414726,CHEMBL2095188,7.46,O=C(Nc1cnccc1-c1ccc(F)cc1)c1ccnc(Nc2ccccc2)n1,COX1
CHEMBL5416472,CHEMBL2095188,7.89,O=C(Nc1cnccc1OCC(F)(F)F)c1ccnc(Nc2ccccc2)n1,COX1
CHEMBL5417065,CHEMBL2095188,7.11,O=C(Nc1cncnc1OCC(F)(F)F)c1ccnc(Nc2ccccc2)n1,COX1
CHEMBL5418606,CHEMBL2095188,7.77,COc1ccc(Nc2nccc(C(=O)Nc3cnccc3-c3ccccc3)n2)cc1F,COX1
CHEMBL5419652,CHEMBL2095188,8.0,N#Cc1ccc(Nc2nccc(C(=O)Nc3cnccc3-c3ccc(F)cc3)n2)cc1,COX1
CHEMBL5420646,CHEMBL2095188,6.62,O=C(Nc1cnccc1-c1ccccc1)c1ccnc(Nc2ccc(C(F)(F)F)cc2)n1,COX1
CHEMBL5422112,CHEMBL2095188,7.13,O=C(Nc1cnccc1-c1ccc(F)cc1)c1ccnc(Nc2ccc(OC(F)F)cc2)n1,COX1
CHEMBL5422776,CHEMBL2095188,8.0,O=C(Nc1cnccc1OCC(F)(F)F)c1ccnc(Nc2ccc(C(F)(F)F)cc2)n1,COX1
CHEMBL5424348,CHEMBL2095188,7.0,O=C(Nc1cnccc1-c1ccccc1)c1ccnc(Nc2ccccc2)n1,COX1
CHEMBL5426285,CHEMBL2095188,5.7,COC[C@@H](CC(C)C)NC1=N/C(=C\c2ccc3ncsc3c2)C(=O)N1,COX1
CHEMBL5428013,CHEMBL2095188,7.66,N#Cc1ccc(Nc2nccc(C(=O)Nc3cncnc3OCC(F)(F)F)n2)cc1,COX1
CHEMBL5428489,CHEMBL2095188,6.33,N#Cc1ccc(Nc2nccc(C(=O)Nc3cnccc3-c3ccccc3)n2)c(Cl)c1,COX1
CHEMBL5429359,CHEMBL2095188,5.37,COC[C@@H](CC(C)C)NC1=N/C(=C\c2ccc3ncsc3n2)C(=O)N1,COX1
CHEMBL5431425,CHEMBL2095188,7.0,O=C(Nc1cnccc1-c1ccc(F)cc1)c1ccnc(Nc2ccc(C(F)(F)F)cc2)n1,COX1
CHEMBL5432510,CHEMBL2095188,7.11,O=C(Nc1cnccc1-c1ccc(F)cc1)c1ccnc(Nc2ccc(Cl)cc2)n1,COX1
CHEMBL5433334,CHEMBL2095188,5.1,CCN1C(=O)/C(=C/c2ccc3ncsc3c2)N=C1N[C@@H](COC)CC(C)C,COX1
CHEMBL5433893,CHEMBL2095188,6.68,O=C(Nc1cnccc1-c1ccccc1)c1ccnc(Nc2ccc(OC(F)(F)F)cc2)n1,COX1
CHEMBL5434002,CHEMBL2095188,6.09,O=C(Nc1cnccc1OCC(F)(F)F)c1ccnc(Nc2ccc(C(F)(F)F)cc2)c1,COX1
CHEMBL5434336,CHEMBL2095188,6.46,O=C(Nc1cnccc1-c1ccccc1)c1ccnc(Nc2c(F)cc(Cl)cc2F)n1,COX1
CHEMBL5435368,CHEMBL2095188,7.22,O=C(Nc1cnccc1-c1ccccc1)c1ccnc(Nc2ccc(OC(F)F)cc2)n1,COX1
CHEMBL5436595,CHEMBL2095188,7.15,Cc1ccc(Nc2nccc(C(=O)Nc3cnccc3-c3ccccc3)n2)cc1,COX1
CHEMBL5437994,CHEMBL2095188,8.07,O=C(Nc1cnccc1N1CCC(F)(F)CC1)c1ccnc(Nc2ccccc2)n1,COX1
CHEMBL5438689,CHEMBL2095188,7.3,COc1ccc(Nc2nccc(C(=O)Nc3cnccc3-c3ccccc3)n2)cc1,COX1
CHEMBL5440672,CHEMBL2095188,7.7,N#Cc1ccc(Nc2nccc(C(=O)Nc3cnccc3-c3ccccc3)n2)cc1Cl,COX1
CHEMBL608552,CHEMBL2095188,6.0,CCN(CC)CCCNc1nc2ccccc2c2[nH]c3ccc(OC)cc3c12,COX1
CHEMBL63727,CHEMBL2095188,7.0,C(=N/Nc1ncnc2c1cnn2-c1ccccc1)\c1ccncc1,COX1
CHEMBL65884,CHEMBL2095188,8.1,COc1cccc(-n2ncc3c(N/N=C/c4ccc(F)cc4)ncnc32)c1,COX1
CHEMBL65944,CHEMBL2095188,8.4,C(=N/Nc1ncnc2c1cnn2-c1cccc2[nH]cnc12)\c1ccncc1,COX1
CHEMBL65988,CHEMBL2095188,7.5,COc1cccc(-n2ncc3c(N/N=C/c4ccc(C(=O)O)cc4)ncnc32)c1,COX1
CHEMBL66072,CHEMBL2095188,8.3,O=C(O)c1ccc(/C=N/Nc2ncnc3c2cnn3-c2cccc3[nH]cnc23)cc1,COX1
CHEMBL66292,CHEMBL2095188,8.6,COc1cccc(-n2ncc3c(N/N=C/c4ccc(S(C)(=O)=O)cc4)ncnc32)c1,COX1
CHEMBL66860,CHEMBL2095188,8.2,Fc1ccc(/C=N/Nc2ncnc3c2cnn3-c2cccc3[nH]cnc23)cc1,COX1
CHEMBL66993,CHEMBL2095188,7.7,CN(C)CCNC(=O)c1ccc(/C=N/Nc2ncnc3c2cnn3-c2ccccc2)cc1,COX1
CHEMBL67374,CHEMBL2095188,7.8,COc1cccc(-n2ncc3c(N/N=C/c4ccc(C(=O)NCCN(C)C)cc4)ncnc32)c1,COX1
CHEMBL69687,CHEMBL2095188,8.3,CS(=O)(=O)c1ccc(/C=N/Nc2ncnc3c2cnn3-c2cccc3[nH]cnc23)cc1,COX1
CHEMBL74133,CHEMBL2095188,5.52,Oc1ccc(-c2[nH]c3nccnc3c2CC2CC2)cc1,COX1
CHEMBL75680,CHEMBL2095188,6.19,CCCCc1c(-c2ccc(O)cc2)[nH]c2nccnc12,COX1
CHEMBL76740,CHEMBL2095188,5.96,COc1ccc(-c2[nH]c3nccnc3c2CC2CC2)cc1,COX1
CHEMBL76741,CHEMBL2095188,5.0,CCCCCCCc1c(-c2ccc(OC)cc2)[nH]c2nccnc12,COX1
CHEMBL76941,CHEMBL2095188,6.22,C=CCc1c(-c2ccc(OC)cc2)[nH]c2nccnc12,COX1
CHEMBL76942,CHEMBL2095188,5.6,COc1ccc(-c2[nH]c3nccnc3c2CCCCl)cc1,COX1
CHEMBL77002,CHEMBL2095188,4.22,COc1cc(OC)cc(-c2cc3[nH]ccnc-3n2)c1,COX1
CHEMBL77066,CHEMBL2095188,5.96,COc1ccc(-c2cc3[nH]ccnc-3n2)cc1,COX1
CHEMBL77095,CHEMBL2095188,5.74,CCCc1c(-c2ccc(O)cc2)[nH]c2nccnc12,COX1
CHEMBL77210,CHEMBL2095188,5.14,FC(F)(F)c1ccc(-c2cc3[nH]ccnc-3n2)cc1,COX1
CHEMBL77211,CHEMBL2095188,5.22,Brc1ccc(-c2cc3[nH]ccnc-3n2)cc1,COX1
CHEMBL77217,CHEMBL2095188,6.12,CC(C)c1c(-c2ccc(Cl)cc2)[nH]c2nccnc12,COX1
CHEMBL77264,CHEMBL2095188,6.34,COc1ccc(-c2[nH]c3nccnc3c2C)cc1,COX1
CHEMBL77458,CHEMBL2095188,4.92,CN(C)c1ccc(-c2cc3[nH]ccnc-3n2)cc1,COX1
CHEMBL77469,CHEMBL2095188,6.0,c1ccc(Cc2c(-c3ccccc3)[nH]c3nccnc23)cc1,COX1
CHEMBL77540,CHEMBL2095188,6.3,Cc1c(-c2ccc(OS(=O)(=O)N(C)C)cc2)[nH]c2nccnc12,COX1
CHEMBL77584,CHEMBL2095188,5.19,Oc1ccccc1-c1cc2[nH]ccnc-2n1,COX1
CHEMBL77590,CHEMBL2095188,5.48,COc1ccccc1-c1cc2[nH]ccnc-2n1,COX1
CHEMBL77641,CHEMBL2095188,6.28,Cc1c(-c2ccc(O)cc2)[nH]c2nccnc12,COX1
CHEMBL77697,CHEMBL2095188,5.32,N#Cc1ccc(-c2cc3[nH]ccnc-3n2)cc1,COX1
CHEMBL77947,CHEMBL2095188,5.17,COc1ccc(-c2[nH]c3nccnc3c2CC2CCCCC2)cc1,COX1
CHEMBL78165,CHEMBL2095188,5.77,Cc1c(-c2ccc(Cl)cc2)[nH]c2nccnc12,COX1
CHEMBL80644,CHEMBL2095188,5.5,COc1cccc(-c2cc3[nH]ccnc-3n2)c1,COX1
CHEMBL80785,CHEMBL2095188,5.92,Oc1ccc(-c2cc3[nH]ccnc-3n2)cc1,COX1
CHEMBL85398,CHEMBL2095188,4.0,O=C1CSC(=O)N1,COX1
CHEMBL118,CHEMBL2094253,7.05,Cc1ccc(-c2cc(C(F)(F)F)nn2-c2ccc(S(N)(=O)=O)cc2)cc1,COX2
CHEMBL118462,CHEMBL2094253,4.85,c1ccc(CNc2nc(-c3ccncc3)nc3ccccc23)cc1,COX2
CHEMBL118944,CHEMBL2094253,4.29,c1ccc(CNc2nc(-n3ccnc3)nc3ccccc23)cc1,COX2
CHEMBL119841,CHEMBL2094253,4.3,c1ccc(CNc2nc(-c3cccnc3)nc3ccccc23)cc1,COX2
CHEMBL122193,CHEMBL2094253,6.1,CC(C)(C)c1cc(-c2n[nH]c(=S)s2)cc(C(C)(C)C)c1O.C[N+](C)(C)CCO,COX2
CHEMBL128012,CHEMBL2094253,4.15,O=C(/C=C/c1ccc(O)c(O)c1)c1ccccc1Cl,COX2
CHEMBL130640,CHEMBL2094253,4.2,COc1cc(/C=C/C(=O)c2ccccc2O)ccc1O,COX2
CHEMBL146730,CHEMBL2094253,5.3,CN(O)C(=O)/C=C/c1cccc(Oc2ccccc2)c1,COX2
CHEMBL162358,CHEMBL2094253,4.36,CCCc1c(OCCCCc2nnn[nH]2)ccc(C(C)=O)c1O,COX2
CHEMBL19657,CHEMBL2094253,6.4,Cn1c2c(c3cc(O)ccc31)CCCCC2,COX2
CHEMBL196996,CHEMBL2094253,6.41,CC(C)(C)c1cc(/C=C2/SC(N)=NC2=O)cc(C(C)(C)C)c1O,COX2
CHEMBL2040589,CHEMBL2094253,4.33,Oc1cc2cc(c1O)Oc1ccc(cc1)CCc1cccc(O)c1Oc1cccc(c1)CC2,COX2
CHEMBL2040590,CHEMBL2094253,4.24,COC1Cc2cccc(c2)Oc2c(O)cccc2CCc2ccc(cc2)Oc2cc1cc(O)c2O,COX2
CHEMBL2040593,CHEMBL2094253,4.25,Oc1cc2cc(c1O)Oc1ccc(cc1)CCc1ccc(O)c(O)c1Oc1cccc(c1)CC2,COX2
CHEMBL25,CHEMBL2094253,4.82,CC(=O)Oc1ccccc1C(=O)O,COX2
CHEMBL266100,CHEMBL2094253,7.47,CC(C)(C)c1cc(/C=C/c2cccs2)cc(C(C)(C)C)c1O,COX2
CHEMBL274642,CHEMBL2094253,5.24,NC1=NN(c2cccc(C(F)(F)F)c2)CC1,COX2
CHEMBL291710,CHEMBL2094253,5.5,Cc1ccc(/C=C/c2cc(C)c(O)c(C)c2)cc1,COX2
CHEMBL292136,CHEMBL2094253,6.96,Cc1cc(CCc2cccs2)cc(C)c1O,COX2
CHEMBL293755,CHEMBL2094253,5.89,Cc1cc(/C=C/c2ccc(Cl)s2)cc(C)c1O,COX2
CHEMBL293825,CHEMBL2094253,5.85,CCc1cc(/C=C/c2cccs2)cc(OC)c1O,COX2
CHEMBL295991,CHEMBL2094253,4.57,O=C(O)c1ccc(CN2C(=O)C=CC2=O)cc1,COX2
CHEMBL297332,CHEMBL2094253,5.05,CCCCCCCCN1C(=O)C=CC1=O,COX2
CHEMBL298171,CHEMBL2094253,4.4,O=C(O)CCCCCCCCCCN1C(=O)C=CC1=O,COX2
CHEMBL298573,CHEMBL2094253,4.3,Cc1ccccc1CN1C(=O)C=CC1=O,COX2
CHEMBL300159,CHEMBL2094253,5.96,COc1ccccc1/C=C/c1cc(C)c(O)c(C)c1,COX2
CHEMBL300982,CHEMBL2094253,6.8,CC1(C)Cc2c(-c3ccccc3)c(-c3ccc(Cl)cc3)c(CC(=O)O)n2C1,COX2
CHEMBL301304,CHEMBL2094253,6.0,CCCC/C(=C\c1cc(C)c(O)c(C)c1)c1ccc(F)cc1,COX2
CHEMBL313245,CHEMBL2094253,4.6,CC(C)(C)c1cc(-c2cn3ncc(=O)nc3s2)cc(C(C)(C)C)c1O,COX2
CHEMBL314337,CHEMBL2094253,8.7,CC(C)(C)CC(=O)c1c(CC(C)(C)C(=O)O)n(Cc2ccc(Cl)cc2)c2ccc(OCc3ccc4ccccc4n3)cc12,COX2
CHEMBL314360,CHEMBL2094253,5.5,CC(=O)N(O)C/C=C/c1cccc(Oc2ccccc2)c1,COX2
CHEMBL339587,CHEMBL2094253,4.36,O=C(/C=C/c1ccc(O)c(O)c1)c1ccccc1O,COX2
CHEMBL411317,CHEMBL2094253,4.27,Oc1ccc2c(c1)CCc1ccc(cc1)Oc1cc(ccc1O)CCc1ccc-2c(O)c1,COX2
CHEMBL413324,CHEMBL2094253,5.51,COc1cc(/C=C/c2cccs2)cc(C)c1O,COX2
CHEMBL414824,CHEMBL2094253,6.58,CC(C)(C)c1cc(/C=C/c2cccnc2)cc(C(C)(C)C)c1O,COX2
CHEMBL4161755,CHEMBL2094253,7.3,COc1ccc2c(c1)c1c(n2C(=O)c2ccc(Cl)cc2)CC(C)(C)CC1=O,COX2
CHEMBL4162061,CHEMBL2094253,7.48,CS(=O)(=O)c1ccc2c(c1)c1c(n2Cc2ccc(Cl)cc2)CCCC1=O,COX2
CHEMBL4165597,CHEMBL2094253,7.42,CS(=O)(=O)c1ccc2c(c1)c1c(n2C(=O)c2ccc(Cl)cc2)CCCC1,COX2
CHEMBL4169030,CHEMBL2094253,7.36,COc1ccc2c(c1)c1c(n2Cc2ccc(Cl)cc2)CC(C)(C)CC1=O,COX2
CHEMBL4169347,CHEMBL2094253,7.64,CS(=O)(=O)c1ccc2c(c1)c1c(n2C(=O)c2ccc(Cl)cc2)CCCC1=O,COX2
CHEMBL4172740,CHEMBL2094253,7.47,CS(=O)(=O)c1ccc2c(c1)c1c(n2S(=O)(=O)c2ccc(Cl)cc2)CCCC1=O,COX2
CHEMBL4173526,CHEMBL2094253,7.57,CS(=O)(=O)c1ccc2c(c1)c1c(n2Cc2ccc(Cl)cc2)CCCC1,COX2
CHEMBL417379,CHEMBL2094253,6.12,Cc1cc(/C=C/c2ccc(Cl)cc2)cc(C)c1O,COX2
CHEMBL4176892,CHEMBL2094253,7.39,COc1ccc2c(c1)c1c(n2S(=O)(=O)c2ccc(Cl)cc2)CC(C)(C)CC1=O,COX2
CHEMBL4177185,CHEMBL2094253,7.55,CS(=O)(=O)c1ccc2c(c1)c1c(n2S(=O)(=O)c2ccc(Cl)cc2)CCCC1,COX2
CHEMBL434783,CHEMBL2094253,5.89,CCCc1cc(/C=C/c2cccs2)cc(OC)c1O,COX2
CHEMBL435907,CHEMBL2094253,7.52,COc1ccc(-n2nc(C#CC(C)N(O)C(C)=O)cc2-c2ccc(Cl)cc2)cc1,COX2
CHEMBL440480,CHEMBL2094253,6.11,Cc1ccc(/C=C/c2cc(C)c(O)c(C)c2)s1,COX2
CHEMBL44376,CHEMBL2094253,4.54,CC(=O)Oc1ccc(N2C(=O)C=CC2=O)cc1C(=O)O,COX2
CHEMBL4640352,CHEMBL2094253,4.58,C=C(C)[C@H]1Cc2c(CCc3ccccc3)cc(O)c(O)c2O1,COX2
CHEMBL4645665,CHEMBL2094253,4.4,C[C@]12COc3cc(CCc4ccccc4)c(C(=O)O)c(O)c3[C@H]1C2,COX2
CHEMBL47299,CHEMBL2094253,4.92,CCCCCCCCCN1C(=O)C=CC1=O,COX2
CHEMBL47644,CHEMBL2094253,7.0,O=C(O)CCCCCCCN1C(=O)C=CC1=O,COX2
CHEMBL47697,CHEMBL2094253,4.85,CCCCCCCCCCN1C(=O)C=CC1=O,COX2
CHEMBL48092,CHEMBL2094253,5.0,O=C(O)CCCCCc1cccc2cncn12,COX2
CHEMBL49831,CHEMBL2094253,4.43,O=C(O)CCCCCCCCCN1C(=O)C=CC1=O,COX2
CHEMBL49832,CHEMBL2094253,4.58,O=C(O)CCCCCCCCN1C(=O)C=CC1=O,COX2
CHEMBL5271282,CHEMBL2094253,4.4,CC1=CCc2c(cc(CCc3ccccc3)c(C(=O)O)c2O)OC1,COX2
CHEMBL5273538,CHEMBL2094253,4.34,COc1cc(CCc2cccc(Oc3c(O)cccc3CCC3=CCC(O)C=C3)c2)cc(O)c1O,COX2
CHEMBL54221,CHEMBL2094253,5.82,COc1ccc(/C=C/c2cc(C)c(O)c(C)c2)cc1,COX2
CHEMBL55217,CHEMBL2094253,4.96,Cc1cc(/C=C/c2cccnc2)cc(C)c1O,COX2
CHEMBL55293,CHEMBL2094253,5.85,Cc1cc(/C=C/c2ccc(C(C)C)cc2)cc(C)c1O,COX2
CHEMBL55448,CHEMBL2094253,6.4,Cc1cc(/C=C/c2csc3ccccc23)cc(C)c1O,COX2
CHEMBL55680,CHEMBL2094253,6.72,CCCOc1ccc(/C=C/c2cc(C)c(O)c(C)c2)cc1,COX2
CHEMBL55737,CHEMBL2094253,6.23,Cc1cc(/C=C/c2cccc3ccccc23)cc(C)c1O,COX2
CHEMBL55960,CHEMBL2094253,5.38,Cc1cc(/C=C/c2ccccc2)cc(C)c1O,COX2
CHEMBL56009,CHEMBL2094253,6.2,C/C(=C\c1cc(C)c(O)c(C)c1)c1ccc(F)cc1,COX2
CHEMBL56039,CHEMBL2094253,5.6,Cc1cc(/C=C/c2ccccn2)cc(C)c1O,COX2
CHEMBL56422,CHEMBL2094253,6.0,Cc1cc(/C=C/c2cc(F)cc(F)c2)cc(C)c1O,COX2
CHEMBL56461,CHEMBL2094253,5.6,Cc1cccc(/C=C/c2cc(C)c(O)c(C)c2)c1,COX2
CHEMBL56551,CHEMBL2094253,6.29,CCc1ccc(/C=C/c2cc(C)c(O)c(C)c2)cc1,COX2
CHEMBL56563,CHEMBL2094253,6.52,Cc1cc(CCc2ccc(F)cc2)cc(C)c1O,COX2
CHEMBL56576,CHEMBL2094253,5.89,Cc1ccc(C)c(/C=C/c2cc(C)c(O)c(C)c2)c1,COX2
CHEMBL56798,CHEMBL2094253,6.11,Cc1cc(/C=C/c2cccs2)cc(C)c1O,COX2
CHEMBL56833,CHEMBL2094253,6.14,C=CCc1cc(/C=C/c2cccs2)cc(C)c1O,COX2
CHEMBL57358,CHEMBL2094253,5.89,Cc1cc(/C=C/c2ccc(F)cc2)cc(C)c1O,COX2
CHEMBL58987,CHEMBL2094253,6.15,Cc1cc(/C=C/c2ccc(F)cc2F)cc(C)c1O,COX2
CHEMBL58990,CHEMBL2094253,6.64,Cc1cc(/C=C/c2cccs2)cc(Cl)c1O,COX2
CHEMBL6,CHEMBL2094253,8.0,COc1ccc2c(c1)c(CC(=O)O)c(C)n2C(=O)c1ccc(Cl)cc1,COX2
CHEMBL61608,CHEMBL2094253,4.66,CC(=O)N(O)Cc1ccc(OCc2ccccc2)cc1,COX2
CHEMBL622,CHEMBL2094253,7.27,CCc1cccc2c3c([nH]c12)C(CC)(CC(=O)O)OCC3,COX2
CHEMBL7660,CHEMBL2094253,4.92,O=C1CCN(c2ccccc2)N1,COX2
CHEMBL8562,CHEMBL2094253,6.96,CC(C)(C)c1cc(/C=C2\CCOC2=O)cc(C(C)(C)C)c1O,COX2
CHEMBL8636,CHEMBL2094253,5.0,Cc1ccc(/C=C/c2cc(C(C)(C)C)c(O)c(C(C)(C)C)c2)cc1,COX2
CHEMBL8747,CHEMBL2094253,5.28,CCCCCC(O)c1cccc(OCc2ccc3ccccc3n2)c1,COX2
CHEMBL8813,CHEMBL2094253,6.21,CC(C)(C)c1cc(/C=C/c2ccc(F)cc2)cc(C(C)(C)C)c1O,COX2
CHEMBL8846,CHEMBL2094253,8.24,CC(C)(C)c1cc(C(=O)c2cccs2)cc(C(C)(C)C)c1O,COX2
