molecule_chembl_id,target_chembl_id,canonical_smiles,protein,label,standard_value,pchembl_value,active
CHEMBL102714,CHEMBL2095188,Cn1cc(C2=C(c3ccc(Cl)cc3Cl)C(=O)NC2=O)c2ccccc21,COX1,0,54.5,7.263603497723357,1
CHEMBL1076156,CHEMBL2095188,CN1C(=O)/C(=C/c2ccc3c(c2)OCO3)N=C1NCC/N=C/c1ccc2c(c1)OCC2,COX1,0,15000.0,4.823908740944319,0
CHEMBL1081243,CHEMBL2095188,CN1C(=O)/C(=C/c2ccc3c(c2)OCO3)N=C1NCCN,COX1,0,1400.0,5.853871964321762,0
CHEMBL1081244,CHEMBL2095188,CN1C(=O)/C(=C/c2ccc3c(c2)OCO3)N=C1NCC/N=C/c1ccccc1,COX1,0,7000.0,5.154901959985743,0
CHEMBL1081557,CHEMBL2095188,CN1C(=O)/C(=C/c2ccc3c(c2)OCO3)N=C1NCC/N=C/c1ccc2c(c1)OCCO2,COX1,0,38000.0,4.42021640338319,0
CHEMBL1081558,CHEMBL2095188,COc1ccc(/C=N/CCNC2=N/C(=C\c3ccc4c(c3)OCO4)C(=O)N2C)cc1,COX1,0,7300.0,5.136677139879544,0
CHEMBL1081757,CHEMBL2095188,CN1C(=O)/C(=C/c2ccc3c(c2)OCO3)N=C1NCC/N=C/c1ccc2c(c1)OCO2,COX1,0,860.0,6.0655015487564325,1
CHEMBL111433,CHEMBL2095188,Cc1ccc2[nH]c(O)c(C3=Nc4ccccc4C3=O)c2c1,COX1,0,431.0,6.3655227298392685,1
CHEMBL111624,CHEMBL2095188,COc1ccc2[nH]c(O)c(C3=Nc4ccccc4C3=O)c2c1,COX1,0,800.0,6.096910013008056,1
CHEMBL114396,CHEMBL2095188,COc1ccc2c(c1)C(=O)C(c1[nH]c3ccc(OC)cc3c1O)=N2,COX1,0,6000.0,5.221848749616356,0
CHEMBL117,CHEMBL2095188,O=c1cc(-c2ccccc2)oc2cc(O)cc(O)c12,COX1,0,7200.0,5.142667503568732,0
CHEMBL120077,CHEMBL2095188,COc1cc2c(cc1OC)-c1n[nH]c(Nc3cccc(F)c3)c1C2,COX1,0,13000.0,4.886056647693163,0
CHEMBL122334,CHEMBL2095188,O=C1CNC(=O)N1,COX1,0,100000.0,4.0,0
CHEMBL1234004,CHEMBL2095188,[Li+],COX1,0,2000000.0,2.6989700043360187,0
CHEMBL1242830,CHEMBL2095188,CN1CCN(c2ccc(NCCNc3ccc([N+](=O)[O-])c(N)n3)nc2-c2ccc(Cl)cc2Cl)C(=O)C1,COX1,0,4.0,8.397940008672037,1
CHEMBL126077,CHEMBL2095188,O=Nc1c(-c2c(O)[nH]c3ccccc23)[nH]c2ccccc12,COX1,0,22.0,7.657577319177793,1
CHEMBL1276127,CHEMBL2095188,O=C1Nc2ccccc2/C1=C1/Nc2ccccc2C1=O,COX1,0,1000.0,6.0,1
CHEMBL14762,CHEMBL2095188,CC[C@H](CO)Nc1nc(NCc2ccccc2)c2ncn(C(C)C)c2n1,COX1,0,95000.0,4.022276394711152,0
CHEMBL150,CHEMBL2095188,O=c1c(O)c(-c2ccc(O)cc2)oc2cc(O)cc(O)c12,COX1,0,3500.0,5.455931955649724,0
CHEMBL151,CHEMBL2095188,O=c1cc(-c2ccc(O)c(O)c2)oc2cc(O)cc(O)c12,COX1,0,800.0,6.096910013008056,1
CHEMBL157999,CHEMBL2095188,O=C1CNC(=O)N1Cc1ccccc1,COX1,0,100000.0,4.0,0
CHEMBL170138,CHEMBL2095188,CO/N=C1/C(c2c(O)[nH]c3ccccc23)=Nc2ccccc21,COX1,0,150.0,6.823908740944319,1
CHEMBL170347,CHEMBL2095188,O=C1C(c2c(O)[nH]c3cc(Br)ccc23)=Nc2cc(Br)ccc21,COX1,0,4500.0,5.346787486224656,0
CHEMBL170640,CHEMBL2095188,O=Nc1c(-c2c(O)[nH]c3cc(Br)c([N+](=O)[O-])cc23)[nH]c2ccccc12,COX1,0,7.0,8.154901959985743,1
CHEMBL172540,CHEMBL2095188,O=C1C(c2c(O)[nH]c3cc(F)ccc23)=Nc2ccccc21,COX1,0,650.0,6.187086643357144,1
CHEMBL172547,CHEMBL2095188,CC(=O)O/N=C1/C(c2c(O)[nH]c3cc(Br)c([N+](=O)[O-])cc23)=Nc2ccccc21,COX1,0,6.0,8.221848749616356,1
CHEMBL173040,CHEMBL2095188,O=Nc1c(-c2c(O)[nH]c3cc(Cl)ccc23)[nH]c2ccccc12,COX1,0,20.0,7.698970004336019,1
CHEMBL173178,CHEMBL2095188,Cc1cc2c(C3=Nc4ccccc4C3=O)c(O)[nH]c2cc1Br,COX1,0,25.0,7.602059991327963,1
CHEMBL173445,CHEMBL2095188,O=C1C(c2c(O)[nH]c3ccc(I)cc23)=Nc2ccccc21,COX1,0,68.0,7.167491087293763,1
CHEMBL173682,CHEMBL2095188,O=C1C(c2c(O)[nH]c3ccc(Br)cc23)=Nc2ccccc21,COX1,0,55.0,7.259637310505756,1
CHEMBL173690,CHEMBL2095188,O=C1C(c2c(O)[nH]c3ccccc23)=Nc2ccc(Br)cc21,COX1,0,350.0,6.455931955649724,1
CHEMBL174025,CHEMBL2095188,O=C1C(c2c(O)[nH]c3ccc([N+](=O)[O-])cc23)=Nc2ccccc21,COX1,0,42.0,7.376750709602099,1
CHEMBL174068,CHEMBL2095188,CC(=O)O/N=C1/C(c2c(O)[nH]c3cc(Cl)ccc23)=Nc2ccccc21,COX1,0,17.0,7.769551078621726,1
CHEMBL174292,CHEMBL2095188,O=Nc1c(-c2c(O)[nH]c3cc(F)ccc23)[nH]c2ccccc12,COX1,0,130.0,6.886056647693163,1
CHEMBL174343,CHEMBL2095188,O=C1C(c2c(O)[nH]c3cc(I)ccc23)=Nc2ccccc21,COX1,0,55.0,7.259637310505756,1
CHEMBL174612,CHEMBL2095188,CC(=O)O/N=C1/C(c2c(O)[nH]c3cc(Br)c(C)cc23)=Nc2ccccc21,COX1,0,7.0,8.154901959985743,1
CHEMBL175053,CHEMBL2095188,C=Cc1ccc2c(C3=Nc4ccccc4C3=O)c(O)[nH]c2c1,COX1,0,240.0,6.619788758288394,1
CHEMBL175155,CHEMBL2095188,Cc1cc2c(-c3[nH]c4ccccc4c3N=O)c(O)[nH]c2cc1Br,COX1,0,6.0,8.221848749616356,1
CHEMBL176676,CHEMBL2095188,O=C1C(c2c(O)[nH]c3ccc(Br)cc23)=Nc2ccc(Br)cc21,COX1,0,250.0,6.6020599913279625,1
CHEMBL176896,CHEMBL2095188,CC(=O)O/N=C1/C(c2c(O)[nH]c3ccccc23)=Nc2ccccc21,COX1,0,200.0,6.698970004336019,1
CHEMBL176904,CHEMBL2095188,O=C1C(c2c(O)[nH]c3cc(Br)ccc23)=Nc2ccccc21,COX1,0,45.0,7.346787486224656,1
CHEMBL177146,CHEMBL2095188,O=Nc1c(-c2c(O)[nH]c3cc(I)ccc23)[nH]c2ccccc12,COX1,0,10.0,8.0,1
CHEMBL177688,CHEMBL2095188,OCCCNc1cncc(-c2cncc(Nc3cccc(Cl)c3)n2)c1,COX1,0,478.0,6.320572103387881,1
CHEMBL178237,CHEMBL2095188,O=C1NC(=O)C(c2cnc3ccncn23)=C1c1cn2c3c(cccc13)CNCC2,COX1,0,330.0,6.481486060122113,1
CHEMBL178306,CHEMBL2095188,O=C(Nc1cccc(C(F)(F)F)c1)Nc1ncnc2nn3ccccc3c12,COX1,0,158.0,6.801342913045577,1
CHEMBL178488,CHEMBL2095188,O=C(Nc1ccc(Br)cc1)Nc1ncnc2nn3ccccc3c12,COX1,0,1000.0,6.0,1
CHEMBL178645,CHEMBL2095188,O=C1NC(=O)C(c2cn3c4c(cccc24)CNCC3)=C1c1cccc2sccc12,COX1,0,34.0,7.468521082957745,1
CHEMBL178646,CHEMBL2095188,O=C1NC(=O)C(c2cncc3ccoc23)=C1c1cn2c3c(cccc13)CN(C(=O)N1CCCCC1)CC2,COX1,0,2.1,8.67778070526608,1
CHEMBL178737,CHEMBL2095188,O=C1NC(=O)C(c2cnc3ccccn23)=C1c1cn2c3c(cccc13)CN(C(=O)N1CCOCC1)CC2,COX1,0,1.3,8.886056647693163,1
CHEMBL178766,CHEMBL2095188,O=C1NC(=O)C(c2cncc3ccoc23)=C1c1cn2c3c(cccc13)CN(C(=O)N1CCOCC1)CC2,COX1,0,0.8,9.096910013008056,1
CHEMBL178820,CHEMBL2095188,O=C1NC(=O)C(c2cn3c4c(cccc24)CNCC3)=C1c1cccc2c1OCC2,COX1,0,3.3,8.481486060122112,1
CHEMBL178850,CHEMBL2095188,CN(C)C(=O)N1CCn2cc(C3=C(c4cccc5ccoc45)C(=O)NC3=O)c3cccc(c32)C1,COX1,0,2.7,8.568636235841012,1
CHEMBL178851,CHEMBL2095188,O=C1NC(=O)C(c2cnc3cnccn23)=C1c1cn2c3c(cccc13)CN(C(=O)N1CCCCC1)CC2,COX1,0,2.1,8.67778070526608,1
CHEMBL178953,CHEMBL2095188,N#Cc1cccc(NC(=O)Nc2ncnc3nn4ccccc4c23)c1,COX1,0,126.0,6.899629454882437,1
CHEMBL179224,CHEMBL2095188,O=C(Nc1ccc(C(F)(F)F)cc1)Nc1ncnc2nn3ccccc3c12,COX1,0,1580.0,5.801342913045577,0
CHEMBL179725,CHEMBL2095188,CC(C)C(=O)N1CCn2cc(C3=C(C4=CN=[N+]5C=CC=CC45)C(=O)NC3=O)c3cccc(c32)C1,COX1,0,3.5,8.455931955649724,1
CHEMBL1801636,CHEMBL2095188,CC(=O)C1=C(c2cn(C)c3ccccc23)C(=O)NC1=O,COX1,0,4470.0,5.349692476868063,0
CHEMBL1802358,CHEMBL2095188,O=C1NC(Nc2ccccc2)=N/C1=C\c1ccc2c(c1)OCO2,COX1,0,1544.0,5.811352704000282,0
CHEMBL180779,CHEMBL2095188,CN(C)C(=O)N1CCn2cc(C3=C(c4cncc5ccoc45)C(=O)NC3=O)c3cccc(c32)C1,COX1,0,1.2,8.920818753952375,1
CHEMBL181015,CHEMBL2095188,O=C1NC(=O)C(c2cn3c4c(cccc24)CNCC3)=C1c1cccc2occc12,COX1,0,41.0,7.387216143280264,1
CHEMBL181029,CHEMBL2095188,O=C(Nc1cccc([N+](=O)[O-])c1)Nc1ncnc2nn3ccccc3c12,COX1,0,316.0,6.5003129173815966,1
CHEMBL181031,CHEMBL2095188,O=C1NC(=O)C(c2cnc3cccnn23)=C1c1cn2c3c(cccc13)CN(C(=O)N1CCCCC1)CC2,COX1,0,1.6,8.795880017344075,1
CHEMBL181112,CHEMBL2095188,O=C1NC(=O)C(c2cnc3cnccn23)=C1c1cn2c3c(cccc13)CNCC2,COX1,0,60.0,7.221848749616356,1
CHEMBL181296,CHEMBL2095188,CC(=O)N1CCn2cc(C3=C(c4cccc5c4OCO5)C(=O)NC3=O)c3cccc(c32)C1,COX1,0,2.5,8.602059991327963,1
CHEMBL181339,CHEMBL2095188,O=C1NC(=O)C(c2cnc3ccccn23)=C1c1cn2c3c(cccc13)CN(C(=O)C1CCOCC1)CC2,COX1,0,0.8,9.096910013008056,1
CHEMBL181371,CHEMBL2095188,CC(=O)N1CCn2cc(C3=C(c4cncc5ccoc45)C(=O)NC3=O)c3cccc(c32)C1,COX1,0,0.9,9.045757490560677,1
CHEMBL181464,CHEMBL2095188,CN(C)C(=O)N1CCn2cc(C3=C(c4ccn5ncccc45)C(=O)NC3=O)c3cccc(c32)C1,COX1,0,4.7,8.327902142064282,1
CHEMBL181518,CHEMBL2095188,CCC(=O)N1CCn2cc(C3=C(c4cncc5ccoc45)C(=O)NC3=O)c3cccc(c32)C1,COX1,0,1.0,9.0,1
CHEMBL181774,CHEMBL2095188,O=C1NC(=O)C(c2cn3c4c(cccc24)CNCC3)=C1c1cccc2c1OCO2,COX1,0,13.0,7.886056647693163,1
CHEMBL182048,CHEMBL2095188,O=C1NC(=O)C(c2cn3c4c(cccc24)CNCC3)=C1c1cccc2c1ccn2CCCO,COX1,0,27.0,7.568636235841013,1
CHEMBL188386,CHEMBL2095188,OCCCCNc1cncc(-c2cncc(Nc3cccc(Cl)c3)n2)c1,COX1,0,4020.0,5.39577394691553,0
CHEMBL188502,CHEMBL2095188,Clc1cccc(Nc2cncc(-c3cncc(NCCCc4cccnc4)c3)n2)c1,COX1,0,318.0,6.497572880015567,1
CHEMBL191003,CHEMBL2095188,Nc1nc(Nc2ccc(S(N)(=O)=O)cc2)nn1C(=O)c1c(F)cccc1F,COX1,0,41.0,7.387216143280264,1
CHEMBL1946917,CHEMBL2095188,O=c1oc2cc(O)ccc2c2c1[nH]c1ccc(O)cc12,COX1,0,310.0,6.508638306165727,1
CHEMBL202935,CHEMBL2095188,O=C1NC(=O)c2c1c1ccccc1c1[nH]c3ccc(O)cc3c21,COX1,0,460.0,6.337242168318426,1
CHEMBL2048662,CHEMBL2095188,CCS(=O)(=O)Nc1ccc(CCNC(=O)c2ccnc3[nH]c(-c4ccsc4)nc23)cc1,COX1,0,3.0,8.522878745280337,1
CHEMBL2048680,CHEMBL2095188,COc1ccc(-c2nc3c(C(=O)Nc4cnccc4C)ccnc3[nH]2)cc1,COX1,0,2.0,8.698970004336019,1
CHEMBL204886,CHEMBL2095188,COc1cccc(-n2ccc3c(N/N=C/c4ccncc4)ncnc32)c1,COX1,0,31.62,7.50003813440381,1
CHEMBL204934,CHEMBL2095188,COc1cccc(-n2cnc3c(N/N=C/c4ccncc4)ncnc32)c1,COX1,0,630.96,6.199998172182031,1
CHEMBL205795,CHEMBL2095188,COc1cccc(-c2[nH]nc3c(N/N=C/c4ccncc4)ncnc23)c1,COX1,0,5.012,8.299988937677888,1
CHEMBL206010,CHEMBL2095188,COc1cccc(-c2c[nH]c3c(N/N=C/c4ccncc4)ncnc23)c1,COX1,0,5.012,8.299988937677888,1
CHEMBL208741,CHEMBL2095188,CCn1cnc2ccc3nc(C(=N)NC(C)C)sc3c2c1=O,COX1,0,7200.0,5.142667503568732,0
CHEMBL2089032,CHEMBL2095188,CC(C)n1cnc2c(NCc3ccc(-c4ccccn4)cc3)nc(NC[C@@H](O)CO)nc21,COX1,0,7100.0,5.1487416512809245,0
CHEMBL209336,CHEMBL2095188,CCn1cnc2ccc3nc(C4=NCCN4)sc3c2c1=O,COX1,0,4200.0,5.376750709602099,0
CHEMBL209648,CHEMBL2095188,O=Nc1c(-c2c(O)[nH]c3c(I)cccc23)[nH]c2ccccc12,COX1,0,16000.0,4.795880017344075,0
CHEMBL209849,CHEMBL2095188,CC(=O)O/N=C1\C(c2c(O)[nH]c3ccccc23)=Nc2ccccc21,COX1,0,200.0,6.698970004336019,1
CHEMBL210001,CHEMBL2095188,CCN1C=Nc2ccc3nc(C#N)sc3c2C1,COX1,0,6200.0,5.207608310501746,0
CHEMBL210073,CHEMBL2095188,CC(=O)O/N=C1/C(c2c(O)[nH]c3c(F)cccc23)=Nc2ccccc21,COX1,0,330.0,6.481486060122113,1
CHEMBL210106,CHEMBL2095188,CCCN1C=Nc2ccc3nc(C#N)sc3c2C1,COX1,0,6500.0,5.187086643357144,0
CHEMBL210229,CHEMBL2095188,CC(C)n1cnc2ccc3nc(C(=N)NCCN(C)C)sc3c2c1=O,COX1,0,560.0,6.251811972993799,1
CHEMBL210330,CHEMBL2095188,CC(C)CN1C=Nc2ccc3nc(C#N)sc3c2C1,COX1,0,10000.0,5.0,0
CHEMBL210385,CHEMBL2095188,CC(C)CCN1C=Nc2ccc3nc(C#N)sc3c2C1,COX1,0,50000.0,4.301029995663981,0
CHEMBL210446,CHEMBL2095188,O=C1C(c2c(O)[nH]c3c(F)cccc23)=Nc2ccccc21,COX1,0,400.0,6.3979400086720375,1
CHEMBL210474,CHEMBL2095188,CCn1cnc2ccc3nc(C(=N)NCCN(C)C)sc3c2c1=O,COX1,0,1300.0,5.886056647693163,0
CHEMBL210918,CHEMBL2095188,CCCn1cnc2ccc3nc(C4=NCCN4)sc3c2c1=O,COX1,0,1600.0,5.795880017344075,0
CHEMBL210919,CHEMBL2095188,CC(C)Cn1cnc2ccc3nc(C4=NCCN4)sc3c2c1=O,COX1,0,4600.0,5.337242168318426,0
CHEMBL211192,CHEMBL2095188,CCN(CC)CCO/N=C1/C(c2c(O)[nH]c3c(Br)cccc23)=Nc2ccccc21,COX1,0,11000.0,4.958607314841775,0
CHEMBL211243,CHEMBL2095188,CO/N=C1\C(c2c(O)[nH]c3ccccc23)=Nc2ccccc21,COX1,0,300.0,6.522878745280337,1
CHEMBL211409,CHEMBL2095188,Oc1[nH]c2c(Br)cccc2c1C1=Nc2ccccc2/C1=N\OCCN1CCOCC1,COX1,0,570.0,6.2441251443275085,1
CHEMBL211429,CHEMBL2095188,Oc1[nH]c2c(Br)cccc2c1C1=Nc2ccccc2/C1=N\OCCN1CCCC1,COX1,0,7000.0,5.154901959985743,0
CHEMBL211430,CHEMBL2095188,Oc1[nH]c2c(Br)cccc2c1C1=Nc2ccccc2/C1=N\OCCN1CCCC1,COX1,0,3000.0,5.522878745280337,0
CHEMBL211593,CHEMBL2095188,CO/N=C1/C(c2c(O)[nH]c3c(F)cccc23)=Nc2ccccc21,COX1,0,440.0,6.356547323513812,1
CHEMBL212174,CHEMBL2095188,O=Nc1c(-c2c(O)[nH]c3c(F)cccc23)[nH]c2ccccc12,COX1,0,270.0,6.568636235841013,1
CHEMBL212581,CHEMBL2095188,CN(C)CCO/N=C1/C(c2c(O)[nH]c3c(Br)cccc23)=Nc2ccccc21,COX1,0,8000.0,5.096910013008056,0
CHEMBL213401,CHEMBL2095188,Oc1[nH]c2c(Br)cccc2c1C1=Nc2ccccc2/C1=N\OCCn1ccnc1,COX1,0,9000.0,5.045757490560675,0
CHEMBL223341,CHEMBL2095188,COc1ccc(CN2C(=O)C=CC2=O)cc1,COX1,0,2500.0,5.6020599913279625,0
CHEMBL223342,CHEMBL2095188,O=C1C=CC(=O)N1CCc1ccccc1,COX1,0,2000.0,5.698970004336019,0
CHEMBL223343,CHEMBL2095188,COc1ccc(CCN2C(=O)CSC2=S)cc1,COX1,0,100000.0,4.0,0
CHEMBL223398,CHEMBL2095188,O=c1ssc(=O)n1Cc1ccccc1,COX1,0,12000.0,4.920818753952375,0
CHEMBL224043,CHEMBL2095188,CN1C(=O)CSC1=S,COX1,0,100000.0,4.0,0
CHEMBL224231,CHEMBL2095188,O=C1C=CC(=O)C1,COX1,0,12000.0,4.920818753952375,0
CHEMBL224232,CHEMBL2095188,O=C1C=CC(=O)N1CCCCCc1ccccc1,COX1,0,3000.0,5.522878745280337,0
CHEMBL224235,CHEMBL2095188,O=C(c1ccccc1)n1c(=O)n(-c2ccccc2)c(=O)n1C(=O)c1ccccc1,COX1,0,100000.0,4.0,0
CHEMBL224236,CHEMBL2095188,CCn1sc(=O)n(-c2ccc([N+](=O)[O-])cc2)c1=O,COX1,0,8500.0,5.070581074285707,0
CHEMBL224287,CHEMBL2095188,O=c1[nH][nH]c(=O)n1-c1ccccc1,COX1,0,100000.0,4.0,0
CHEMBL224288,CHEMBL2095188,Cn1c(=O)n(-c2ccccc2)c(=O)n1C,COX1,0,100000.0,4.0,0
CHEMBL224301,CHEMBL2095188,O=C1C=CC(=O)N1CCCc1ccccc1,COX1,0,3000.0,5.522878745280337,0
CHEMBL224367,CHEMBL2095188,O=C1CSC(=S)N1Cc1ccccc1,COX1,0,25000.0,4.6020599913279625,0
CHEMBL224441,CHEMBL2095188,O=C(O)CN1C(=O)CSC1=S,COX1,0,100000.0,4.0,0
CHEMBL224633,CHEMBL2095188,O=C1CSC(=S)N1,COX1,0,100000.0,4.0,0
CHEMBL224674,CHEMBL2095188,CCn1sc(=O)n(-c2ccccc2)c1=O,COX1,0,6000.0,5.221848749616356,0
CHEMBL224900,CHEMBL2095188,O=C1CSC(=O)N1Cc1ccccc1,COX1,0,100000.0,4.0,0
CHEMBL224979,CHEMBL2095188,CCOC(=O)CN1C(=O)C=CC1=O,COX1,0,3000.0,5.522878745280337,0
CHEMBL225037,CHEMBL2095188,CN1C(=O)C=CC1=O,COX1,0,5000.0,5.301029995663981,0
CHEMBL225440,CHEMBL2095188,COc1ccc(CN2C(=O)CSC2=S)cc1,COX1,0,65000.0,4.187086643357144,0
CHEMBL225554,CHEMBL2095188,O=C1CSC(=S)N1CCc1ccccc1,COX1,0,35000.0,4.455931955649724,0
CHEMBL2262593,CHEMBL2095188,COc1ccc(C2OC(=O)C(O)=C2I)cc1OC,COX1,0,10000.0,5.0,0
CHEMBL2297170,CHEMBL2095188,C[n+]1c2ccccc2[n+]2[nH]c3ccccc3n12,COX1,0,1000.0,6.0,1
CHEMBL2297171,CHEMBL2095188,O=C(N=c1[nH]c2ccccc2[nH]1)NC[C@H]1CCC[C@@H](CNC(=O)N=c2[nH]c3ccccc3[nH]2)C1,COX1,0,1000.0,6.0,1
CHEMBL23840,CHEMBL2095188,Cn1sc(=O)n(-c2ccccc2Br)c1=O,COX1,0,6000.0,5.221848749616356,0
CHEMBL2386744,CHEMBL2095188,COC(=N)c1nc2ccc3ncnc(Nc4ccc(Br)cc4F)c3c2s1,COX1,0,160.0,6.795880017344075,1
CHEMBL2386753,CHEMBL2095188,COC(=N)c1nc2ccc3ncnc(Nc4ccc5c(c4)OCO5)c3c2s1,COX1,0,660.0,6.180456064458132,1
CHEMBL2386761,CHEMBL2095188,COC(=N)c1nc2ccc3ncnc(Nc4ccc(OC)cc4)c3c2s1,COX1,0,200.0,6.698970004336019,1
CHEMBL2397838,CHEMBL2095188,O=c1[nH]nc2c(NCCCc3ccnc(Cl)c3)cc(Cl)cn12,COX1,0,199.0,6.701146923590294,1
CHEMBL2397839,CHEMBL2095188,Nc1cc(CCCNc2cc(Cl)cn3c(=O)[nH]nc23)ccn1,COX1,0,249.0,6.603800652904264,1
CHEMBL2397840,CHEMBL2095188,COc1cccc(CCCNc2cc(Cl)cn3c(=O)[nH]nc23)c1,COX1,0,190.0,6.721246399047171,1
CHEMBL2397841,CHEMBL2095188,O=c1[nH]nc2c(NCCCc3cccc(OCCN4CCOCC4)c3)cc(Cl)cn12,COX1,0,247.0,6.607303046740334,1
CHEMBL2397845,CHEMBL2095188,COc1ccc(OCCNc2cccn3c(=O)[nH]nc23)cc1,COX1,0,13000.0,4.886056647693163,0
CHEMBL2397846,CHEMBL2095188,COc1ccc(OCCNc2cc(C)cn3c(=O)[nH]nc23)cc1,COX1,0,7010.0,5.154281982033341,0
CHEMBL2397847,CHEMBL2095188,Cc1cc(NCCCc2ccccn2)c2n[nH]c(=O)n2c1,COX1,0,1200.0,5.920818753952375,0
CHEMBL2397848,CHEMBL2095188,Cc1cc(N(C)CCCc2ccccn2)c2n[nH]c(=O)n2c1,COX1,0,50000.0,4.301029995663981,0
CHEMBL2397849,CHEMBL2095188,Cc1cc(NCCCc2cccnc2)c2n[nH]c(=O)n2c1,COX1,0,354.0,6.450996737974212,1
CHEMBL2397850,CHEMBL2095188,Cc1cc(NCCCc2ccc(C)nc2)c2n[nH]c(=O)n2c1,COX1,0,309.0,6.510041520575165,1
CHEMBL2397851,CHEMBL2095188,Cc1cc(NCCCc2ccncc2)c2n[nH]c(=O)n2c1,COX1,0,607.0,6.2168113089247425,1
CHEMBL2397852,CHEMBL2095188,Cc1cc(NCCCc2ccnc(Cl)c2)c2n[nH]c(=O)n2c1,COX1,0,774.0,6.111259039317107,1
CHEMBL2397853,CHEMBL2095188,COc1cc(CCCNc2cc(C)cn3c(=O)[nH]nc23)ccn1,COX1,0,641.0,6.193141970481182,1
CHEMBL2397854,CHEMBL2095188,Cc1cc(NCCCc2ccc(N)cc2)c2n[nH]c(=O)n2c1,COX1,0,1010.0,5.995678626217358,0
CHEMBL2397855,CHEMBL2095188,Cc1cc(NCCCn2ccnc2)c2n[nH]c(=O)n2c1,COX1,0,1360.0,5.866461091629782,0
CHEMBL2397857,CHEMBL2095188,O=c1[nH]nc2c(NCCCc3cccnc3)cc(Cl)cn12,COX1,0,520.0,6.2839966563652006,1
CHEMBL2397858,CHEMBL2095188,Cc1ccc(CCCNc2cc(Cl)cn3c(=O)[nH]nc23)cn1,COX1,0,342.0,6.465973893943865,1
CHEMBL2397859,CHEMBL2095188,O=c1[nH]nc2c(NCCCc3ccncc3)cc(Cl)cn12,COX1,0,111.0,6.954677021213342,1
CHEMBL2397860,CHEMBL2095188,Cc1cc(CCCNc2cc(Cl)cn3c(=O)[nH]nc23)ccn1,COX1,0,818.0,6.087246696328677,1
CHEMBL24167,CHEMBL2095188,Cn1sc(=O)n(C2CCCCC2)c1=O,COX1,0,100000.0,4.0,0
CHEMBL24494,CHEMBL2095188,Cn1sc(=O)n(-c2cccc(Br)c2)c1=O,COX1,0,4000.0,5.3979400086720375,0
CHEMBL24537,CHEMBL2095188,Cn1sc(=O)n(-c2ccc(Cl)cc2)c1=O,COX1,0,4000.0,5.3979400086720375,0
CHEMBL24693,CHEMBL2095188,CCn1c(=O)sn(C2CCCCC2)c1=O,COX1,0,10000.0,5.0,0
CHEMBL24721,CHEMBL2095188,Cn1sc(=O)n(-c2ccc(Br)cc2)c1=O,COX1,0,1100.0,5.958607314841775,0
CHEMBL247228,CHEMBL2095188,Nc1ncnc2occ(-c3ccc(NC(=O)Nc4cc(C(F)(F)F)ccc4F)cc3)c12,COX1,0,2187.76,5.660000322371772,0
CHEMBL24753,CHEMBL2095188,Cc1ccc(-n2c(=O)sn(C)c2=O)cc1,COX1,0,5000.0,5.301029995663981,0
CHEMBL253769,CHEMBL2095188,CC(=O)O/N=C1C(=C2/C(=O)Nc3cc(Cl)c(Cl)cc32)/Nc2ccccc2/1,COX1,0,4.0,8.397940008672037,1
CHEMBL253770,CHEMBL2095188,O=C1Nc2ccc(Br)cc2/C1=C1/Nc2ccccc2/C1=N\O,COX1,0,16.0,7.795880017344075,1
CHEMBL25820,CHEMBL2095188,Cn1sc(=O)n(-c2ccc(F)cc2)c1=O,COX1,0,4000.0,5.3979400086720375,0
CHEMBL25829,CHEMBL2095188,CCn1sc(=O)n(CC)c1=O,COX1,0,25000.0,4.6020599913279625,0
CHEMBL258482,CHEMBL2095188,N#Cc1cc(I)c2[nH]c3c(c2c1)CC(=O)Nc1cccnc1-3,COX1,0,120.0,6.920818753952375,1
CHEMBL258700,CHEMBL2095188,COc1ccc2[nH]c3c(c2c1)CC(=O)Nc1cccnc1-3,COX1,0,800.0,6.096910013008056,1
CHEMBL258805,CHEMBL2095188,COc1ccc2c(c1)/C(=C/c1cnc[nH]1)C(=O)N2,COX1,0,350.0,6.455931955649724,1
CHEMBL259638,CHEMBL2095188,N#Cc1ccc2[nH]c3c(c2c1)CC(=O)Nc1cccnc1-3,COX1,0,8.0,8.096910013008056,1
CHEMBL259697,CHEMBL2095188,O=C1Cc2c(n3c4c(cccc24)CC3)-c2ncccc2N1,COX1,0,410.0,6.3872161432802645,1
CHEMBL259850,CHEMBL2095188,COc1ccc(CNC(=O)Nc2ncc([N+](=O)[O-])s2)cc1,COX1,0,104.0,6.982966660701219,1
CHEMBL260045,CHEMBL2095188,O=C1Cc2c([nH]c3ccc(Cl)cc23)-c2cnccc2N1,COX1,0,18.0,7.744727494896693,1
CHEMBL260119,CHEMBL2095188,O=C1Cc2c([nH]c3ccc(C(F)(F)F)cc23)-c2cnccc2N1,COX1,0,13.0,7.886056647693163,1
CHEMBL260135,CHEMBL2095188,Nc1n[nH]c2nnc(-c3ccccc3)c(-c3ccccc3)c12,COX1,0,250.0,6.6020599913279625,1
CHEMBL260136,CHEMBL2095188,N#Cc1ccc2[nH]c3c(c2c1)CC(=O)Nc1ccncc1-3,COX1,0,21.0,7.67778070526608,1
CHEMBL260428,CHEMBL2095188,O=C1Cc2c(n(Cc3ccccc3)c3ccccc23)-c2cnccc2N1,COX1,0,410.0,6.3872161432802645,1
CHEMBL260487,CHEMBL2095188,O=C1Cc2c([nH]c3ccc(I)cc23)-c2ncccc2N1,COX1,0,25.0,7.602059991327963,1
CHEMBL260656,CHEMBL2095188,Cn1c2c(c3ccccc31)CC(=O)Nc1cccnc1-2,COX1,0,1000.0,6.0,1
CHEMBL260657,CHEMBL2095188,O=C1Cc2c([nH]c3ccc(F)cc23)-c2cnccc2N1,COX1,0,51.0,7.292429823902063,1
CHEMBL260678,CHEMBL2095188,O=C1Cc2c([nH]c3ccccc23)-c2ncccc2N1,COX1,0,800.0,6.096910013008056,1
CHEMBL260679,CHEMBL2095188,O=C1Cc2c([nH]c3cc(Cl)cc(Cl)c23)-c2ncccc2N1,COX1,0,800.0,6.096910013008056,1
CHEMBL261025,CHEMBL2095188,O=C1Cc2c([nH]c3ccc(C(=O)O)cc23)-c2ncccc2N1,COX1,0,100000.0,4.0,0
CHEMBL261252,CHEMBL2095188,O=C1Cc2c([nH]c3ccc(O)cc23)-c2ncccc2N1,COX1,0,1400.0,5.853871964321762,0
CHEMBL261439,CHEMBL2095188,Nc1n[nH]c2ncc(-c3ccccc3)cc12,COX1,0,430.0,6.366531544420414,1
CHEMBL261470,CHEMBL2095188,O=C1Cc2c([nH]c3ccc(F)cc23)-c2ncccc2N1,COX1,0,80.0,7.096910013008056,1
CHEMBL261720,CHEMBL2095188,Nc1nc(Nc2ccc(S(N)(=O)=O)cc2)nn1C(=S)Nc1c(F)cccc1F,COX1,0,140.0,6.853871964321762,1
CHEMBL26218,CHEMBL2095188,CCn1c(=O)sn(C)c1=O,COX1,0,5000.0,5.301029995663981,0
CHEMBL26241,CHEMBL2095188,CCn1sc(=O)n(Cc2ccccc2)c1=O,COX1,0,7000.0,5.154901959985743,0
CHEMBL26274,CHEMBL2095188,Cn1sc(=O)n(-c2cccc3ccccc23)c1=O,COX1,0,2000.0,5.698970004336019,0
CHEMBL264177,CHEMBL2095188,N#Cc1ccc2c(c1)-c1[nH]c3ccc(C#N)cc3c1CC(=O)N2,COX1,0,28.0,7.552841968657781,1
CHEMBL26515,CHEMBL2095188,COc1ccc(-n2c(=O)sn(C)c2=O)cc1,COX1,0,2000.0,5.698970004336019,0
CHEMBL26551,CHEMBL2095188,CCn1c(=O)sn(C(C)C)c1=O,COX1,0,35000.0,4.455931955649724,0
CHEMBL28,CHEMBL2095188,O=c1cc(-c2ccc(O)cc2)oc2cc(O)cc(O)c12,COX1,0,1400.0,5.853871964321762,0
CHEMBL284365,CHEMBL2095188,O=c1sn(Cc2ccccc2)c(=O)n1Cc1ccccc1,COX1,0,10000.0,5.0,0
CHEMBL284861,CHEMBL2095188,Cn1sc(=O)n(Cc2ccccc2)c1=O,COX1,0,4500.0,5.346787486224656,0
CHEMBL286009,CHEMBL2095188,CCCn1sc(=O)n(CC)c1=O,COX1,0,10000.0,5.0,0
CHEMBL287864,CHEMBL2095188,Cn1sc(=O)n(-c2ccccc2)c1=O,COX1,0,2000.0,5.698970004336019,0
CHEMBL288064,CHEMBL2095188,Ic1cccc(CSc2nnc(-c3ccncc3)o2)c1,COX1,0,8000.0,5.096910013008056,0
CHEMBL296586,CHEMBL2095188,O=C1Cc2c([nH]c3ccc(Br)cc23)-c2ccccc2N1,COX1,0,23.0,7.638272163982407,1
CHEMBL303926,CHEMBL2095188,Fc1ccc(/C=N/Nc2ncnc3c2cnn3-c2ccccc2)cc1,COX1,0,630.96,6.199998172182031,1
CHEMBL304533,CHEMBL2095188,CN(C)CCNC(=O)c1ccc(/C=N/Nc2ncnc3c2cnn3-c2cccc3[nH]cnc23)cc1,COX1,0,1.585,8.79997073344623,1
CHEMBL305901,CHEMBL2095188,c1ccc(-c2cc3[nH]ccnc-3n2)cc1,COX1,0,2290.87,5.639999555020352,0
CHEMBL306263,CHEMBL2095188,Fc1ccc(-c2cc3[nH]ccnc-3n2)cc1,COX1,0,1905.46,5.720000163638921,0
CHEMBL306347,CHEMBL2095188,Clc1ccc(-c2[nH]c3nccnc3c2CC2CCCCC2)cc1,COX1,0,7943.28,5.100000128334196,0
CHEMBL306355,CHEMBL2095188,CCCCc1c(-c2ccc(Cl)cc2)[nH]c2nccnc12,COX1,0,5888.44,5.229999745811777,0
CHEMBL306498,CHEMBL2095188,CCCCc1c(-c2ccc(OC)cc2)[nH]c2nccnc12,COX1,0,912.01,6.040000399696793,1
CHEMBL306865,CHEMBL2095188,COc1cccc(-n2ncc3c(N/N=C/c4ccncc4)ncnc32)c1,COX1,0,6.31,8.199970640755867,1
CHEMBL307943,CHEMBL2095188,Cc1ccc(-c2cc3[nH]ccnc-3n2)cc1,COX1,0,2570.4,5.589999287456538,0
CHEMBL308293,CHEMBL2095188,CCCc1c(-c2ccc(OC)cc2)[nH]c2nccnc12,COX1,0,398.11,6.399996913372259,1
CHEMBL3091536,CHEMBL2095188,Cn1c(N2CCO[C@@H](c3ccc(F)cc3)C2)nc(-c2ccncn2)cc1=O,COX1,0,12.0,7.920818753952375,1
CHEMBL309347,CHEMBL2095188,COc1ccc(-c2[nH]c3nccnc3c2C(C)C)cc1,COX1,0,501.19,6.299997602857746,1
CHEMBL310036,CHEMBL2095188,Clc1ccc(-c2[nH]c3nccnc3c2Cc2ccccc2)cc1,COX1,0,6760.83,5.169999984192581,0
CHEMBL312065,CHEMBL2095188,COc1cc(-c2cc3[nH]ccnc-3n2)cc(OC)c1OC,COX1,0,19952.62,4.70000006855703,0
CHEMBL31574,CHEMBL2095188,O=c1c(O)c(-c2ccc(O)c(O)c2)oc2cc(O)ccc12,COX1,0,420.0,6.376750709602099,1
CHEMBL321192,CHEMBL2095188,COc1ccc2c(c1)C(=O)C(c1c(O)[nH]c3ccccc13)=N2,COX1,0,600.0,6.221848749616356,1
CHEMBL321194,CHEMBL2095188,COc1ccc2c(c1)C(=O)C(c1c(O)[nH]c3ccc(OC)cc13)=N2,COX1,0,200.0,6.698970004336019,1
CHEMBL3216659,CHEMBL2095188,O=C1Nc2cc(Br)ccc2/C1=C1/Nc2ccccc2/C1=N\OCCN1CCNCC1,COX1,0,110.65,6.956048581736723,1
CHEMBL322970,CHEMBL2095188,O=C1NC(=O)C(c2ccccc2[N+](=O)[O-])=C1Nc1ccc(O)c(Cl)c1,COX1,0,130.0,6.886056647693163,1
CHEMBL326919,CHEMBL2095188,Cc1ccc2c(c1)C(=O)C(c1c(O)[nH]c3ccccc13)=N2,COX1,0,550.0,6.259637310505756,1
CHEMBL3297832,CHEMBL2095188,COc1c(O)ccc2c(=O)c3c(O)cc4c(c3[nH]c12)C=CC(C)(C)O4,COX1,0,2000.0,5.698970004336019,0
CHEMBL3335119,CHEMBL2095188,CO[C@H]1CC[C@H](NC(=O)c2n[nH]cc2NC(=O)C2CCC(F)(F)CC2)CC1,COX1,0,8.0,8.096910013008056,1
CHEMBL3335120,CHEMBL2095188,CO[C@H]1CC[C@H](NC(=O)c2n[nH]cc2NC(=O)C2CCOCC2)CC1,COX1,0,8.0,8.096910013008056,1
CHEMBL3335121,CHEMBL2095188,CO[C@H]1CC[C@H](NC(=O)c2n[nH]cc2NC(=O)Cc2ccccc2F)CC1,COX1,0,140.0,6.853871964321762,1
CHEMBL3335122,CHEMBL2095188,COc1ccccc1CC(=O)Nc1c[nH]nc1C(=O)N[C@H]1CC[C@H](OC)CC1,COX1,0,210.0,6.6777807052660805,1
CHEMBL3335123,CHEMBL2095188,CO[C@H]1CC[C@H](NC(=O)c2n[nH]cc2NC(=O)Cc2c(Cl)cccc2Cl)CC1,COX1,0,200.0,6.698970004336019,1
CHEMBL3335127,CHEMBL2095188,CCc1ccccc1C(=O)Nc1c[nH]nc1C(=O)N[C@H]1CC[C@H](OC)CC1,COX1,0,20.0,7.698970004336019,1
CHEMBL3335129,CHEMBL2095188,CO[C@H]1CC[C@H](NC(=O)c2n[nH]cc2NC(=O)c2ccccc2Nc2ccccc2)CC1,COX1,0,20.0,7.698970004336019,1
CHEMBL3335140,CHEMBL2095188,CO[C@H]1CC[C@H](NC(=O)c2n[nH]cc2NC(=O)c2ccccc2Nc2cccc(C)c2C)CC1,COX1,0,30.0,7.522878745280337,1
CHEMBL3335142,CHEMBL2095188,COc1cc(OC)c(C(=O)Nc2c[nH]nc2C(=O)N[C@H]2CC[C@H](OC)CC2)c(OC)c1,COX1,0,90.0,7.045757490560675,1
CHEMBL3335152,CHEMBL2095188,CO[C@H]1CC[C@H](NC(=O)c2n[nH]cc2NC(=O)c2c(C)nc3ccccn23)CC1,COX1,0,42.0,7.376750709602099,1
CHEMBL3335154,CHEMBL2095188,CO[C@H]1CC[C@H](NC(=O)c2n[nH]cc2NC(=O)c2ncoc2-c2ccccc2)CC1,COX1,0,5.0,8.301029995663981,1
CHEMBL3335155,CHEMBL2095188,COc1cccc(OC)c1C(=O)Nc1c[nH]nc1C(=O)NC1CC1,COX1,0,220.0,6.657577319177793,1
CHEMBL3335156,CHEMBL2095188,COc1cccc(OC)c1C(=O)Nc1c[nH]nc1C(=O)NC1CCC1,COX1,0,80.0,7.096910013008056,1
CHEMBL3335157,CHEMBL2095188,COc1cccc(OC)c1C(=O)Nc1c[nH]nc1C(=O)NC1CCCCC1,COX1,0,50.0,7.301029995663981,1
CHEMBL3335158,CHEMBL2095188,COc1cccc(OC)c1C(=O)Nc1c[nH]nc1C(=O)NC1CCCCCC1,COX1,0,20.0,7.698970004336019,1
CHEMBL3335160,CHEMBL2095188,COc1cccc(OC)c1C(=O)Nc1c[nH]nc1C(=O)NN1CCOCC1,COX1,0,450.0,6.346787486224656,1
CHEMBL3335161,CHEMBL2095188,COc1cccc(OC)c1C(=O)Nc1c[nH]nc1C(=O)NCc1ccccc1,COX1,0,330.0,6.481486060122113,1
CHEMBL3335162,CHEMBL2095188,COc1cccc(OC)c1C(=O)Nc1c[nH]nc1C(=O)NCc1ccccn1,COX1,0,320.0,6.494850021680094,1
CHEMBL3335163,CHEMBL2095188,COc1cccc(OC)c1C(=O)Nc1c[nH]nc1C(=O)NCc1ncccc1C,COX1,0,870.0,6.060480747381382,1
CHEMBL3335165,CHEMBL2095188,COc1cccc(OC)c1C(=O)Nc1c[nH]nc1C(=O)Nc1ccccc1,COX1,0,70.0,7.154901959985743,1
CHEMBL3335166,CHEMBL2095188,COc1cccc(OC)c1C(=O)Nc1c[nH]nc1C(=O)Nc1ccncc1,COX1,0,120.0,6.920818753952375,1
CHEMBL3335167,CHEMBL2095188,COc1cccc(OC)c1C(=O)Nc1c[nH]nc1C(=O)Nc1ccccn1,COX1,0,940.0,6.026872146400302,1
CHEMBL3335168,CHEMBL2095188,COc1cccc(OC)c1C(=O)Nc1c[nH]nc1C(=O)N[C@H]1CC[C@H](O)CC1,COX1,0,70.0,7.154901959985743,1
CHEMBL3335169,CHEMBL2095188,COc1cccc(OC)c1C(=O)Nc1c[nH]nc1C(=O)NC1CCN(C(=O)OC(C)(C)C)CC1,COX1,0,140.0,6.853871964321762,1
CHEMBL3335170,CHEMBL2095188,COc1cccc(OC)c1C(=O)Nc1c[nH]nc1C(=O)NC1CCN(Cc2ccccc2)C1,COX1,0,80.0,7.096910013008056,1
CHEMBL3335171,CHEMBL2095188,COCCNC(=O)c1n[nH]cc1NC(=O)c1c(OC)cccc1OC,COX1,0,300.0,6.522878745280337,1
CHEMBL3335172,CHEMBL2095188,CCCCCNC(=O)c1n[nH]cc1NC(=O)c1c(OC)cccc1OC,COX1,0,100.0,7.0,1
CHEMBL3335174,CHEMBL2095188,COc1cccc(OC)c1C(=O)Nc1c[nH]nc1C(=O)NCCCN(C)C,COX1,0,470.0,6.327902142064283,1
CHEMBL3335175,CHEMBL2095188,COc1cccc(OC)c1C(=O)Nc1c[nH]nc1C(=O)NCCN1CCCC1,COX1,0,660.0,6.180456064458132,1
CHEMBL3335176,CHEMBL2095188,COc1cccc(OC)c1C(=O)Nc1c[nH]nc1C(=O)NCCN1CCOCC1,COX1,0,630.0,6.200659450546418,1
CHEMBL3335177,CHEMBL2095188,COc1cccc(OC)c1C(=O)Nc1c[nH]nc1C(=O)O,COX1,0,10000.0,5.0,0
CHEMBL3335178,CHEMBL2095188,COC(=O)c1n[nH]cc1NC(=O)c1c(OC)cccc1OC,COX1,0,4500.0,5.346787486224656,0
CHEMBL3338885,CHEMBL2095188,COc1ccc2[nH]c3c(=O)[nH]nc(-c4ccccc4)c3c2c1,COX1,0,1300.0,5.886056647693163,0
CHEMBL3338886,CHEMBL2095188,COc1ccc(-c2n[nH]c(=O)c3[nH]c4ccc(OC)cc4c23)cc1,COX1,0,1400.0,5.853871964321762,0
CHEMBL3338891,CHEMBL2095188,COc1ccc(Nc2cc(-c3ccc(OC)cc3)n[nH]c2=O)cc1,COX1,0,2500.0,5.6020599913279625,0
CHEMBL3338893,CHEMBL2095188,COc1ccc(Nc2cc(-c3ccncc3)n[nH]c2=O)cc1,COX1,0,9600.0,5.017728766960431,0
CHEMBL336961,CHEMBL2095188,O=C1Cc2c([nH]c3ccc(Br)cc23)-c2ncccc2N1,COX1,0,18.0,7.744727494896693,1
CHEMBL337300,CHEMBL2095188,O=Nc1c(-c2c(O)[nH]c3ccc(I)cc23)[nH]c2ccccc12,COX1,0,9.0,8.045757490560675,1
CHEMBL352781,CHEMBL2095188,CC(=O)O/N=C1/C(c2c(O)[nH]c3cc(F)ccc23)=Nc2ccccc21,COX1,0,90.0,7.045757490560675,1
CHEMBL353554,CHEMBL2095188,CC(=O)O/N=C1/C(c2c(O)[nH]c3cc(I)ccc23)=Nc2ccccc21,COX1,0,13.0,7.886056647693163,1
CHEMBL354042,CHEMBL2095188,O=Nc1c(-c2c(O)[nH]c3ccccc23)[nH]c2cc(Br)ccc12,COX1,0,340.0,6.468521082957745,1
CHEMBL354276,CHEMBL2095188,CO/N=C1/C(c2c(O)[nH]c3cc(Br)ccc23)=Nc2ccccc21,COX1,0,30.0,7.522878745280337,1
CHEMBL3582401,CHEMBL2095188,[11CH3]n1cc(C2=C(c3ccc(Cl)cc3Cl)C(=O)NC2=O)c2ccccc21,COX1,0,34.0,7.468521082957745,1
CHEMBL359537,CHEMBL2095188,O=C1NC(=O)C(c2cnc3cccnn23)=C1c1cn2c3c(cccc13)CNCC2,COX1,0,4.8,8.318758762624412,1
CHEMBL359871,CHEMBL2095188,CC(=O)N1CCn2cc(C3=C(c4cccc5c4OCC5)C(=O)NC3=O)c3cccc(c32)C1,COX1,0,1.1,8.958607314841775,1
CHEMBL361007,CHEMBL2095188,O=C1NC(=O)C(c2cnc3cnccn23)=C1c1cn2c3c(cccc13)CN(C(=O)N1CCOCC1)CC2,COX1,0,3.2,8.494850021680094,1
CHEMBL361125,CHEMBL2095188,O=C1NC(=O)C(c2cn3c4c(cccc24)CNCC3)=C1c1ccc2c(c1)OCO2,COX1,0,27.0,7.568636235841013,1
CHEMBL361204,CHEMBL2095188,O=C1NC(=O)C(c2cnc3ccncn23)=C1c1cn2c3c(cccc13)CN(C(=O)N1CCOCC1)CC2,COX1,0,71.0,7.1487416512809245,1
CHEMBL361635,CHEMBL2095188,O=C1NC(=O)C(c2cncc3ccoc23)=C1c1cn2c3c(cccc13)CNCC2,COX1,0,3.2,8.494850021680094,1
CHEMBL361746,CHEMBL2095188,O=C1NC(=O)C(c2cnc3ncccn23)=C1c1cn2c3c(cccc13)CNCC2,COX1,0,120.0,6.920818753952375,1
CHEMBL361765,CHEMBL2095188,CC(=O)N1CCn2cc(C3=C(c4cccc5ccoc45)C(=O)NC3=O)c3cccc(c32)C1,COX1,0,1.5,8.823908740944319,1
CHEMBL361948,CHEMBL2095188,CC(=O)N1CCn2cc(C3=C(c4cnc5ccccn45)C(=O)NC3=O)c3cccc(c32)C1,COX1,0,1.9,8.721246399047171,1
CHEMBL361996,CHEMBL2095188,O=C1NC(=O)C(c2cccc3ccoc23)=C1c1cn2c3c(cccc13)CNCC2,COX1,0,3.4,8.468521082957745,1
CHEMBL362221,CHEMBL2095188,O=C1NC(=O)C(c2ccn3ncccc23)=C1c1cn2c3c(cccc13)CNCC2,COX1,0,30.0,7.522878745280337,1
CHEMBL362259,CHEMBL2095188,O=C1NC(=O)C(c2cn3c4c(cccc24)CNCC3)=C1c1ccc2c(c1)COC2,COX1,0,83.0,7.080921907623926,1
CHEMBL362587,CHEMBL2095188,Cn1ccc2c(C3=C(c4cn5c6c(cccc46)CNCC5)C(=O)NC3=O)cccc21,COX1,0,33.0,7.481486060122112,1
CHEMBL362588,CHEMBL2095188,O=C1NC(=O)C(c2cnc3ccccn23)=C1c1cn2c3c(cccc13)CN(C(=O)N1CCCCC1)CC2,COX1,0,2.0,8.698970004336019,1
CHEMBL362814,CHEMBL2095188,CN(C)C(=O)N1CCn2cc(C3=C(c4cnc5ccccn45)C(=O)NC3=O)c3cccc(c32)C1,COX1,0,1.6,8.795880017344075,1
CHEMBL362830,CHEMBL2095188,O=C1NC(=O)C(c2cccc3cc[nH]c23)=C1c1cn2c3c(cccc13)CNCC2,COX1,0,150.0,6.823908740944319,1
CHEMBL363130,CHEMBL2095188,Cc1ccsc1C(=O)n1nc(Nc2ccc(S(N)(=O)=O)cc2)nc1N,COX1,0,26.0,7.585026652029182,1
CHEMBL363607,CHEMBL2095188,Cc1ccc(F)c(C(=O)n2nc(Nc3ccc(S(N)(=O)=O)cc3)nc2C)c1F,COX1,0,31.0,7.508638306165727,1
CHEMBL366414,CHEMBL2095188,O=Nc1c(-c2c(O)[nH]c3cc(Cl)c(Cl)cc23)[nH]c2ccccc12,COX1,0,4.0,8.397940008672037,1
CHEMBL367113,CHEMBL2095188,O=C1C(c2c(O)[nH]c3ccc(Cl)cc23)=Nc2ccccc21,COX1,0,50.0,7.301029995663981,1
CHEMBL367345,CHEMBL2095188,O=C1C(c2c(O)[nH]c3ccc(F)cc23)=Nc2ccccc21,COX1,0,78.0,7.107905397309519,1
CHEMBL367664,CHEMBL2095188,O=C1C(c2c(O)[nH]c3cc(Cl)c(Cl)cc23)=Nc2ccccc21,COX1,0,30.0,7.522878745280337,1
CHEMBL367687,CHEMBL2095188,O=C1C(c2c(O)[nH]c3ccccc23)=Nc2cc(Br)ccc21,COX1,0,22000.0,4.657577319177793,0
CHEMBL368112,CHEMBL2095188,O=C1C(c2c(O)[nH]c3cc(Br)c([N+](=O)[O-])cc23)=Nc2ccccc21,COX1,0,100.0,7.0,1
CHEMBL368246,CHEMBL2095188,CC(C)C(=O)N1CCn2cc(C3=C(c4cnc5ccccn45)C(=O)NC3=O)c3cccc(c32)C1,COX1,0,1.8,8.744727494896694,1
CHEMBL368248,CHEMBL2095188,O=C1NC(=O)C(c2cn3c4c(cccc24)CNCC3)=C1c1coc2ccccc12,COX1,0,64.0,7.1938200260161125,1
CHEMBL368426,CHEMBL2095188,O=C1NC(=O)C(c2cn3c4c(cccc24)CNCC3)=C1c1cccc2c1CCO2,COX1,0,130.0,6.886056647693163,1
CHEMBL368954,CHEMBL2095188,C=Cc1ccc2c(C3=Nc4ccccc4/C3=N\OC(C)=O)c(O)[nH]c2c1,COX1,0,65.0,7.187086643357144,1
CHEMBL369090,CHEMBL2095188,O=C1NC(=O)C(c2ccn3ncccc23)=C1c1cn2c3c(cccc13)CN(C(=O)N1CCOCC1)CC2,COX1,0,1.3,8.886056647693163,1
CHEMBL369099,CHEMBL2095188,O=C1NC(=O)C(c2cccc3ccsc23)=C1c1cn2c3c(cccc13)CNCC2,COX1,0,45.0,7.346787486224656,1
CHEMBL369108,CHEMBL2095188,CC(=O)N1CCn2cc(C3=C(c4cccc5ccsc45)C(=O)NC3=O)c3cccc(c32)C1,COX1,0,19.0,7.721246399047171,1
CHEMBL369220,CHEMBL2095188,O=C1C(c2c(O)[nH]c3cc(Cl)ccc23)=Nc2ccccc21,COX1,0,140.0,6.853871964321762,1
CHEMBL369316,CHEMBL2095188,O=C1NC(=O)C(c2cnc3ncccn23)=C1c1cn2c3c(cccc13)CN(C(=O)N1CCOCC1)CC2,COX1,0,1.7,8.769551078621726,1
CHEMBL369572,CHEMBL2095188,O=C1NC(=O)C(c2cnc3ncccn23)=C1c1cn2c3c(cccc13)CN(C(=O)N1CCCCC1)CC2,COX1,0,1.9,8.721246399047171,1
CHEMBL369823,CHEMBL2095188,C=Cc1ccc2c(-c3[nH]c4ccccc4c3N=O)c(O)[nH]c2c1,COX1,0,60.0,7.221848749616356,1
CHEMBL371169,CHEMBL2095188,Clc1cccc(Nc2cncc(-c3cncc(NCCCn4cccn4)c3)n2)c1,COX1,0,606.0,6.217527375833714,1
CHEMBL372657,CHEMBL2095188,Clc1cccc(Nc2cncc(-c3cncc(NCCCn4cncn4)c3)n2)c1,COX1,0,196.0,6.707743928643524,1
CHEMBL373834,CHEMBL2095188,O=Nc1c(-c2c(O)[nH]c3c(Br)cccc23)[nH]c2ccccc12,COX1,0,32000.0,4.494850021680094,0
CHEMBL374006,CHEMBL2095188,Cn1c(O)c(-c2[nH]c3ccccc3c2N=O)c2cccc(I)c21,COX1,0,30000.0,4.522878745280337,0
CHEMBL3746095,CHEMBL2095188,CCOC(=O)C/N=C1\NC(c2ccccc2)N(c2ccccc2)S1,COX1,0,7050.0,5.151810883008602,0
CHEMBL3746152,CHEMBL2095188,Clc1cccc(C2=NC(c3ccccc3)=NN(c3ccccc3)c3ccccc32)c1,COX1,0,3380.0,5.471083299722345,0
CHEMBL3747426,CHEMBL2095188,c1ccc(C/N=C2\NC(c3ccccc3)N(c3ccccc3)S2)cc1,COX1,0,1280.0,5.892790030352131,0
CHEMBL3747661,CHEMBL2095188,COc1ccc(CNC(=O)Nc2nc(C)c(C(C)=O)s2)cc1,COX1,0,400.0,6.3979400086720375,1
CHEMBL375657,CHEMBL2095188,O=c1ssc(=O)n1-c1ccccc1,COX1,0,12000.0,4.920818753952375,0
CHEMBL376810,CHEMBL2095188,COc1ccc(CCN2C(=O)C=CC2=O)cc1,COX1,0,3000.0,5.522878745280337,0
CHEMBL377410,CHEMBL2095188,Oc1[nH]c2c(Br)cccc2c1C1=Nc2ccccc2/C1=N\OCCBr,COX1,0,100000.0,4.0,0
CHEMBL378190,CHEMBL2095188,CC(C)NC(=N)c1nc2ccc3ncn(C(C)C)c(=O)c3c2s1,COX1,0,9400.0,5.026872146400302,0
CHEMBL379858,CHEMBL2095188,Oc1[nH]c2c(Br)cccc2c1C1=Nc2ccccc2/C1=N\OCCN1CCNCC1,COX1,0,5000.0,5.301029995663981,0
CHEMBL383525,CHEMBL2095188,COc1cccc(-c2cn(C)c3c(N/N=C/c4ccncc4)ncnc23)c1,COX1,0,501.19,6.299997602857746,1
CHEMBL387762,CHEMBL2095188,O=C1C=CC(=O)N1,COX1,0,6000.0,5.221848749616356,0
CHEMBL387881,CHEMBL2095188,O=C(CN1C(=O)CSC1=S)c1ccccc1,COX1,0,50000.0,4.301029995663981,0
CHEMBL388088,CHEMBL2095188,CCOC(=O)Cn1c(=O)sn(C)c1=O,COX1,0,2000.0,5.698970004336019,0
CHEMBL388978,CHEMBL2095188,CN[C@@H]1C[C@H]2O[C@@](C)([C@@H]1OC)n1c3ccccc3c3c4c(c5c6ccccc6n2c5c31)C(=O)NC4,COX1,0,12.0,7.920818753952375,1
CHEMBL388979,CHEMBL2095188,O=C1C=CC(=O)N1Cc1ccccc1,COX1,0,1000.0,6.0,1
CHEMBL389053,CHEMBL2095188,Cn1c(=O)ssc1=O,COX1,0,100000.0,4.0,0
CHEMBL390330,CHEMBL2095188,NN1C(=O)CSC1=S,COX1,0,100000.0,4.0,0
CHEMBL390546,CHEMBL2095188,O=C(Cn1c(=O)n(-c2ccccc2)c(=O)n1CC(=O)c1ccccc1)c1ccccc1,COX1,0,100000.0,4.0,0
CHEMBL4061357,CHEMBL2095188,O=C1Nc2cc(Cl)c(Cl)cc2/C1=C1/Nc2ccccc2/C1=N\O,COX1,0,4.0,8.397940008672037,1
CHEMBL4065167,CHEMBL2095188,CCS(=O)(=O)c1ccc(OC)c(Nc2ncc(/C=C/c3ccccc3)o2)c1,COX1,0,7500.0,5.1249387366083,0
CHEMBL406619,CHEMBL2095188,O=C1Cc2c([nH]c3ccc(Br)cc23)-c2cnccc2N1,COX1,0,52.0,7.2839966563652,1
CHEMBL406748,CHEMBL2095188,O=C1Cc2c([nH]c3ccc(Cl)cc23)-c2ncccc2N1,COX1,0,63.0,7.200659450546418,1
CHEMBL407408,CHEMBL2095188,COc1ccc2[nH]c3c(c2c1)CC(=O)Nc1ccncc1-3,COX1,0,390.0,6.4089353929735005,1
CHEMBL407413,CHEMBL2095188,O=C1Cc2c([nH]c3c(F)cc(F)cc23)-c2ncccc2N1,COX1,0,1800.0,5.7447274948966935,0
CHEMBL408634,CHEMBL2095188,Nc1n[nH]c2nnc(-c3ccccc3)cc12,COX1,0,530.0,6.275724130399211,1
CHEMBL409450,CHEMBL2095188,O=C1Nc2cc(Br)ccc2/C1=C1/Nc2ccccc2/C1=N\O,COX1,0,5.0,8.301029995663981,1
CHEMBL409492,CHEMBL2095188,Cc1ccc2[nH]c3c(c2c1)CC(=O)Nc1cccnc1-3,COX1,0,130.0,6.886056647693163,1
CHEMBL411133,CHEMBL2095188,CCn1c2c(c3ccccc31)CC(=O)Nc1ccncc1-2,COX1,0,800.0,6.096910013008056,1
CHEMBL411641,CHEMBL2095188,Cn1c2c(c3ccccc31)CC(=O)Nc1ccncc1-2,COX1,0,400.0,6.3979400086720375,1
CHEMBL411728,CHEMBL2095188,O=C1Cc2c([nH]c3ccc(C(F)(F)F)cc23)-c2ncccc2N1,COX1,0,8.0,8.096910013008056,1
CHEMBL412255,CHEMBL2095188,CCn1c2c(c3ccccc31)CC(=O)Nc1cccnc1-2,COX1,0,13000.0,4.886056647693163,0
CHEMBL413294,CHEMBL2095188,N#Cc1ccc2[nH]c3c(c2c1)CC(=O)Nc1ccc(Br)nc1-3,COX1,0,3800.0,5.42021640338319,0
CHEMBL417835,CHEMBL2095188,Cn1sc(=O)n(-c2ccc(C(F)(F)F)cc2)c1=O,COX1,0,6000.0,5.221848749616356,0
CHEMBL418203,CHEMBL2095188,CN1CCC(c2c(O)cc(O)c3c(=O)cc(-c4ccccc4Cl)oc23)[C@@H](O)C1,COX1,0,450.0,6.346787486224656,1
CHEMBL419273,CHEMBL2095188,COc1ccc(-c2[nH]c3nccnc3c2C)cc1OC,COX1,0,1995.26,5.700000503883016,0
CHEMBL421087,CHEMBL2095188,O=C1NC(=O)c2c1c1ccccc1c1[nH]c3ccccc3c21,COX1,0,20000.0,4.698970004336019,0
CHEMBL426243,CHEMBL2095188,O=C1NC(=O)C(c2cnc3ccccn23)=C1c1cn2c3c(cccc13)CNCC2,COX1,0,12.0,7.920818753952375,1
CHEMBL4283765,CHEMBL2095188,O=C1NC(Nc2ccccc2)=N/C1=C/c1ccc2c(c1)OCO2,COX1,0,410.0,6.3872161432802645,1
CHEMBL428690,CHEMBL2095188,CN1CC[C@H](c2c(O)cc(O)c3c(=O)cc(-c4ccccc4Cl)oc23)[C@H](O)C1,COX1,0,280.0,6.552841968657781,1
CHEMBL429329,CHEMBL2095188,O=C1Cc2c(n(Cc3ccccc3)c3ccccc23)-c2ncccc2N1,COX1,0,2100.0,5.6777807052660805,0
CHEMBL430226,CHEMBL2095188,CC(=O)O/N=C1C(=C2/C(=O)Nc3cc(Br)ccc32)/Nc2ccccc2/1,COX1,0,10.0,8.0,1
CHEMBL439502,CHEMBL2095188,CC(C)n1cnc2ccc3nc(C4=NCCN4)sc3c2c1=O,COX1,0,1600.0,5.795880017344075,0
CHEMBL441109,CHEMBL2095188,O=Nc1c(-c2c(O)[nH]c3cc(Br)ccc23)[nH]c2cc(Br)ccc12,COX1,0,120.0,6.920818753952375,1
CHEMBL4435779,CHEMBL2095188,O=S(=O)(NCCCn1ccnc1)c1ccnc2[nH]c(-c3ccc(C(F)(F)F)cc3)nc12,COX1,0,1600.0,5.795880017344075,0
CHEMBL445649,CHEMBL2095188,CN(C)C(=O)N1CCn2cc(C3=C(c4cccc5c4OCO5)C(=O)NC3=O)c3cccc(c32)C1,COX1,0,3.2,8.494850021680094,1
CHEMBL453128,CHEMBL2095188,CCCCOC(=N)c1nc2ccc3ncn(C(C)C)c(=O)c3c2s1,COX1,0,280.0,6.552841968657781,1
CHEMBL453129,CHEMBL2095188,CC(C)n1cnc2ccc3nc(C(=N)OCc4ccccc4)sc3c2c1=O,COX1,0,130.0,6.886056647693163,1
CHEMBL453130,CHEMBL2095188,CCn1cnc2ccc3nc(C(=N)OC(C)C)sc3c2c1=O,COX1,0,640.0,6.1938200260161125,1
CHEMBL453131,CHEMBL2095188,CCCCOC(=N)c1nc2ccc3ncn(CC)c(=O)c3c2s1,COX1,0,150.0,6.823908740944319,1
CHEMBL453132,CHEMBL2095188,CCn1cnc2ccc3nc(C(=N)OCc4ccccc4)sc3c2c1=O,COX1,0,170.0,6.769551078621726,1
CHEMBL453133,CHEMBL2095188,CCn1cnc2ccc3nc(C(=N)OCCc4ccccc4)sc3c2c1=O,COX1,0,300.0,6.522878745280337,1
CHEMBL454126,CHEMBL2095188,CC(C)OC(=N)c1nc2ccc3ncn(C(C)C)c(=O)c3c2s1,COX1,0,260.0,6.585026652029182,1
CHEMBL454130,CHEMBL2095188,CCn1cnc2ccc3nc(C(=N)NCc4ccccc4)sc3c2c1=O,COX1,0,2400.0,5.619788758288394,0
CHEMBL4544238,CHEMBL2095188,COc1ccc(-c2ccnc3[nH]c(-c4ccc(C(=O)N5CCCCC5)cc4)nc23)cc1,COX1,0,31.0,7.508638306165727,1
CHEMBL45477,CHEMBL2095188,CN1CCC(c2c(O)cc(O)c3c2O/C(=C\c2ccc([N+](=O)[O-])cc2)C3=O)CC1,COX1,0,4800.0,5.318758762624412,0
CHEMBL4562585,CHEMBL2095188,CCSc1ccncc1NC(=O)c1ccnc2[nH]c(-c3ccc(N4CCCC4)cc3)nc12,COX1,0,3.0,8.522878745280337,1
CHEMBL4566900,CHEMBL2095188,O=C(NCCCn1ccnc1)c1ccnc2[nH]c(-c3ccc(C(F)(F)F)cc3)nc12,COX1,0,13.0,7.886056647693163,1
CHEMBL461739,CHEMBL2095188,CC(C)n1cnc2ccc3nc(C(=N)NCc4ccccc4)sc3c2c1=O,COX1,0,520.0,6.2839966563652006,1
CHEMBL46181,CHEMBL2095188,CN1CCC(c2c(O)cc(O)c3c2O/C(=C\c2ccc(N4CCN(C)CC4)cc2)C3=O)CC1,COX1,0,1750.0,5.756961951313706,0
CHEMBL48362,CHEMBL2095188,CN1CCC(c2c(O)cc(O)c3c2O/C(=C\c2ccc(S(N)(=O)=O)cc2)C3=O)CC1,COX1,0,3700.0,5.431798275933005,0
CHEMBL485053,CHEMBL2095188,CN1C(=O)/C(=C/c2ccc3c(c2)OCO3)N=C1N,COX1,0,15000.0,4.823908740944319,0
CHEMBL48614,CHEMBL2095188,CN1CCC(c2c(O)cc(O)c3c2O/C(=C\c2ccccc2Cl)C3=O)CC1,COX1,0,10000.0,5.0,0
CHEMBL493657,CHEMBL2095188,O=C1Nc2cc(Br)ccc2/C1=C1/Nc2ccccc2/C1=N\OCCN1CCN(CCOCCO)CC1,COX1,0,2900.0,5.5376020021010435,0
CHEMBL50,CHEMBL2095188,O=c1c(O)c(-c2ccc(O)c(O)c2)oc2cc(O)cc(O)c12,COX1,0,2100.0,5.6777807052660805,0
CHEMBL506669,CHEMBL2095188,CCOC(=N)c1nc2ccc3ncn(CC)c(=O)c3c2s1,COX1,0,2100.0,5.6777807052660805,0
CHEMBL5085086,CHEMBL2095188,COC[C@@H](CC(C)C)NC1=N/C(=C\c2ccc3ncsc3c2)C(=O)N1C,COX1,0,4481.0,5.348625056086957,0
CHEMBL50894,CHEMBL2095188,O=C1Cc2c([nH]c3ccc([N+](=O)[O-])cc23)-c2ccccc2N1,COX1,0,4.5,8.346787486224656,1
CHEMBL510863,CHEMBL2095188,CCOC(=N)c1nc2ccc3ncn(C(C)C)c(=O)c3c2s1,COX1,0,150.0,6.823908740944319,1
CHEMBL51709,CHEMBL2095188,CN1CCC(c2c(O)cc(O)c3c2O/C(=C\c2ccccc2)C3=O)CC1,COX1,0,4200.0,5.376750709602099,0
CHEMBL5190086,CHEMBL2095188,CCn1cc(C2=C(c3cccc(OCC[18F])c3)C(=O)NC2=O)c2cc(F)ccc21,COX1,0,1.7,8.769551078621726,1
CHEMBL5191815,CHEMBL2095188,O=c1oc2cc(O)ccc2c2c1[nH]c1ccccc12,COX1,0,380.0,6.42021640338319,1
CHEMBL521868,CHEMBL2095188,O=C1Nc2cc(Br)ccc2/C1=C1/Nc2ccccc2/C1=N\OCCN(CCO)CCO,COX1,0,320.0,6.494850021680094,1
CHEMBL522503,CHEMBL2095188,O=C1Nc2cc(Br)ccc2/C1=C1/Nc2ccccc2/C1=N\OCCN1CCN(CCO)CC1,COX1,0,700.0,6.154901959985743,1
CHEMBL523714,CHEMBL2095188,O=C1Nc2cc(Br)ccc2/C1=C1/Nc2ccccc2/C1=N\OCCN1CCNCC1,COX1,0,150.0,6.823908740944319,1
CHEMBL5278465,CHEMBL2095188,O=C(Nc1cnccc1-c1ccc(Cl)cc1)c1ccnc(NC(=O)C2CC2)c1,COX1,0,200.0,6.698970004336019,1
CHEMBL5401931,CHEMBL2095188,O=C(Nc1cnccc1-c1ccccc1)c1ccnc(Nc2ccncc2)n1,COX1,0,30.0,7.522878745280337,1
CHEMBL5402829,CHEMBL2095188,O=C(Nc1cnccc1-c1ccc(F)cc1)c1ccnc(Nc2ccc(F)cc2)n1,COX1,0,34.0,7.468521082957745,1
CHEMBL5403642,CHEMBL2095188,COC[C@H](CC(C)C)NC1=N/C(=C\c2ccc3ncsc3c2)C(=O)N1,COX1,0,4694.0,5.328456914737426,0
CHEMBL5404070,CHEMBL2095188,Cc1cc(C#N)ccc1Nc1nccc(C(=O)Nc2cnccc2-c2ccccc2)n1,COX1,0,98.0,7.008773924307505,1
CHEMBL5404581,CHEMBL2095188,N#Cc1ccc(Nc2nccc(C(=O)Nc3cnccc3-c3ccccc3)n2)cc1,COX1,0,12.0,7.920818753952375,1
CHEMBL5406672,CHEMBL2095188,COC[C@@H](CC(C)C)NC1=N/C(=C\c2ccc3ncsc3c2)C(=O)N1C1CC1,COX1,0,8988.0,5.046336936252908,0
CHEMBL5407971,CHEMBL2095188,CS(=O)(=O)c1ccc(Nc2nccc(C(=O)Nc3cnccc3-c3ccccc3)n2)cc1,COX1,0,10.0,8.0,1
CHEMBL5408047,CHEMBL2095188,CC(C)C[C@@H](CO)NC1=N/C(=C\c2ccc3ncsc3c2)C(=O)N1,COX1,0,8165.0,5.088043810927313,0
CHEMBL5409061,CHEMBL2095188,N#Cc1ccc(Nc2nccc(C(=O)Nc3cnccc3OCC(F)(F)F)n2)cc1,COX1,0,1.4,8.853871964321762,1
CHEMBL5409415,CHEMBL2095188,O=C(Nc1cnccc1-c1ccccc1)c1ccnc(Nc2ccc(Cl)cc2)c1,COX1,0,1650.0,5.782516055786093,0
CHEMBL5410129,CHEMBL2095188,O=C(Nc1cnccc1-c1ccccc1)c1ccnc(Nc2cccnc2)n1,COX1,0,46.0,7.337242168318426,1
CHEMBL5412105,CHEMBL2095188,CC(C)C[C@H](CO)NC1=N/C(=C\c2ccc3ncsc3c2)C(=O)N1,COX1,0,2320.0,5.634512015109101,0
CHEMBL5413819,CHEMBL2095188,O=C(Nc1cnccc1-c1ccccc1)c1ccnc(Nc2ccc(C(F)(F)F)cn2)c1,COX1,0,49.0,7.309803919971486,1
CHEMBL5414551,CHEMBL2095188,O=C(Nc1cnccc1-c1ccccc1)c1ccnc(Nc2ccc(Cl)cc2)n1,COX1,0,70.0,7.154901959985743,1
CHEMBL5414726,CHEMBL2095188,O=C(Nc1cnccc1-c1ccc(F)cc1)c1ccnc(Nc2ccccc2)n1,COX1,0,35.0,7.455931955649724,1
CHEMBL5416472,CHEMBL2095188,O=C(Nc1cnccc1OCC(F)(F)F)c1ccnc(Nc2ccccc2)n1,COX1,0,13.0,7.886056647693163,1
CHEMBL5417065,CHEMBL2095188,O=C(Nc1cncnc1OCC(F)(F)F)c1ccnc(Nc2ccccc2)n1,COX1,0,77.0,7.113509274827518,1
CHEMBL5418606,CHEMBL2095188,COc1ccc(Nc2nccc(C(=O)Nc3cnccc3-c3ccccc3)n2)cc1F,COX1,0,17.0,7.769551078621726,1
CHEMBL5419652,CHEMBL2095188,N#Cc1ccc(Nc2nccc(C(=O)Nc3cnccc3-c3ccc(F)cc3)n2)cc1,COX1,0,10.0,8.0,1
CHEMBL5420646,CHEMBL2095188,O=C(Nc1cnccc1-c1ccccc1)c1ccnc(Nc2ccc(C(F)(F)F)cc2)n1,COX1,0,240.0,6.619788758288394,1
CHEMBL5422112,CHEMBL2095188,O=C(Nc1cnccc1-c1ccc(F)cc1)c1ccnc(Nc2ccc(OC(F)F)cc2)n1,COX1,0,74.0,7.130768280269024,1
CHEMBL5422776,CHEMBL2095188,O=C(Nc1cnccc1OCC(F)(F)F)c1ccnc(Nc2ccc(C(F)(F)F)cc2)n1,COX1,0,10.0,8.0,1
CHEMBL5424348,CHEMBL2095188,O=C(Nc1cnccc1-c1ccccc1)c1ccnc(Nc2ccccc2)n1,COX1,0,100.0,7.0,1
CHEMBL5426285,CHEMBL2095188,COC[C@@H](CC(C)C)NC1=N/C(=C\c2ccc3ncsc3c2)C(=O)N1,COX1,0,2008.5,5.69712816393231,0
CHEMBL5428013,CHEMBL2095188,N#Cc1ccc(Nc2nccc(C(=O)Nc3cncnc3OCC(F)(F)F)n2)cc1,COX1,0,22.0,7.657577319177793,1
CHEMBL5428489,CHEMBL2095188,N#Cc1ccc(Nc2nccc(C(=O)Nc3cnccc3-c3ccccc3)n2)c(Cl)c1,COX1,0,470.0,6.327902142064283,1
CHEMBL5429359,CHEMBL2095188,COC[C@@H](CC(C)C)NC1=N/C(=C\c2ccc3ncsc3n2)C(=O)N1,COX1,0,4270.0,5.369572124974976,0
CHEMBL5431425,CHEMBL2095188,O=C(Nc1cnccc1-c1ccc(F)cc1)c1ccnc(Nc2ccc(C(F)(F)F)cc2)n1,COX1,0,100.0,7.0,1
CHEMBL5432510,CHEMBL2095188,O=C(Nc1cnccc1-c1ccc(F)cc1)c1ccnc(Nc2ccc(Cl)cc2)n1,COX1,0,77.0,7.113509274827518,1
CHEMBL5433334,CHEMBL2095188,CCN1C(=O)/C(=C/c2ccc3ncsc3c2)N=C1N[C@@H](COC)CC(C)C,COX1,0,7867.0,5.104190849830869,0
CHEMBL5433893,CHEMBL2095188,O=C(Nc1cnccc1-c1ccccc1)c1ccnc(Nc2ccc(OC(F)(F)F)cc2)n1,COX1,0,210.0,6.6777807052660805,1
CHEMBL5434002,CHEMBL2095188,O=C(Nc1cnccc1OCC(F)(F)F)c1ccnc(Nc2ccc(C(F)(F)F)cc2)c1,COX1,0,820.0,6.086186147616283,1
CHEMBL5434336,CHEMBL2095188,O=C(Nc1cnccc1-c1ccccc1)c1ccnc(Nc2c(F)cc(Cl)cc2F)n1,COX1,0,350.0,6.455931955649724,1
CHEMBL5435368,CHEMBL2095188,O=C(Nc1cnccc1-c1ccccc1)c1ccnc(Nc2ccc(OC(F)F)cc2)n1,COX1,0,60.0,7.221848749616356,1
CHEMBL5436595,CHEMBL2095188,Cc1ccc(Nc2nccc(C(=O)Nc3cnccc3-c3ccccc3)n2)cc1,COX1,0,71.0,7.1487416512809245,1
CHEMBL5437994,CHEMBL2095188,O=C(Nc1cnccc1N1CCC(F)(F)CC1)c1ccnc(Nc2ccccc2)n1,COX1,0,8.5,8.070581074285707,1
CHEMBL5438689,CHEMBL2095188,COc1ccc(Nc2nccc(C(=O)Nc3cnccc3-c3ccccc3)n2)cc1,COX1,0,50.0,7.301029995663981,1
CHEMBL5440672,CHEMBL2095188,N#Cc1ccc(Nc2nccc(C(=O)Nc3cnccc3-c3ccccc3)n2)cc1Cl,COX1,0,20.0,7.698970004336019,1
CHEMBL608552,CHEMBL2095188,CCN(CC)CCCNc1nc2ccccc2c2[nH]c3ccc(OC)cc3c12,COX1,0,1000.0,6.0,1
CHEMBL63727,CHEMBL2095188,C(=N/Nc1ncnc2c1cnn2-c1ccccc1)\c1ccncc1,COX1,0,100.0,7.0,1
CHEMBL65884,CHEMBL2095188,COc1cccc(-n2ncc3c(N/N=C/c4ccc(F)cc4)ncnc32)c1,COX1,0,7.943,8.100015437450608,1
CHEMBL65944,CHEMBL2095188,C(=N/Nc1ncnc2c1cnn2-c1cccc2[nH]cnc12)\c1ccncc1,COX1,0,3.981,8.400007822415901,1
CHEMBL65988,CHEMBL2095188,COc1cccc(-n2ncc3c(N/N=C/c4ccc(C(=O)O)cc4)ncnc32)c1,COX1,0,31.62,7.50003813440381,1
CHEMBL66072,CHEMBL2095188,O=C(O)c1ccc(/C=N/Nc2ncnc3c2cnn3-c2cccc3[nH]cnc23)cc1,COX1,0,5.012,8.299988937677888,1
CHEMBL66292,CHEMBL2095188,COc1cccc(-n2ncc3c(N/N=C/c4ccc(S(C)(=O)=O)cc4)ncnc32)c1,COX1,0,2.512,8.599980364934842,1
CHEMBL66860,CHEMBL2095188,Fc1ccc(/C=N/Nc2ncnc3c2cnn3-c2cccc3[nH]cnc23)cc1,COX1,0,6.31,8.199970640755867,1
CHEMBL66993,CHEMBL2095188,CN(C)CCNC(=O)c1ccc(/C=N/Nc2ncnc3c2cnn3-c2ccccc2)cc1,COX1,0,19.95,7.700057099977233,1
CHEMBL67374,CHEMBL2095188,COc1cccc(-n2ncc3c(N/N=C/c4ccc(C(=O)NCCN(C)C)cc4)ncnc32)c1,COX1,0,15.85,7.79997073344623,1
CHEMBL69687,CHEMBL2095188,CS(=O)(=O)c1ccc(/C=N/Nc2ncnc3c2cnn3-c2cccc3[nH]cnc23)cc1,COX1,0,5.012,8.299988937677888,1
CHEMBL74133,CHEMBL2095188,Oc1ccc(-c2[nH]c3nccnc3c2CC2CC2)cc1,COX1,0,3019.95,5.5200002474083645,0
CHEMBL75680,CHEMBL2095188,CCCCc1c(-c2ccc(O)cc2)[nH]c2nccnc12,COX1,0,647.825,6.188542296287947,1
CHEMBL76740,CHEMBL2095188,COc1ccc(-c2[nH]c3nccnc3c2CC2CC2)cc1,COX1,0,1096.48,5.95999928552668,0
CHEMBL76741,CHEMBL2095188,CCCCCCCc1c(-c2ccc(OC)cc2)[nH]c2nccnc12,COX1,0,10000.0,5.0,0
CHEMBL76941,CHEMBL2095188,C=CCc1c(-c2ccc(OC)cc2)[nH]c2nccnc12,COX1,0,602.56,6.219999701663429,1
CHEMBL76942,CHEMBL2095188,COc1ccc(-c2[nH]c3nccnc3c2CCCCl)cc1,COX1,0,2511.89,5.59999938302362,0
CHEMBL77002,CHEMBL2095188,COc1cc(OC)cc(-c2cc3[nH]ccnc-3n2)c1,COX1,0,60255.96,4.219999989963101,0
CHEMBL77066,CHEMBL2095188,COc1ccc(-c2cc3[nH]ccnc-3n2)cc1,COX1,0,1096.48,5.95999928552668,0
CHEMBL77095,CHEMBL2095188,CCCc1c(-c2ccc(O)cc2)[nH]c2nccnc12,COX1,0,1819.7,5.740000204918113,0
CHEMBL77210,CHEMBL2095188,FC(F)(F)c1ccc(-c2cc3[nH]ccnc-3n2)cc1,COX1,0,7244.36,5.1399999760652255,0
CHEMBL77211,CHEMBL2095188,Brc1ccc(-c2cc3[nH]ccnc-3n2)cc1,COX1,0,6025.6,5.219999701663429,0
CHEMBL77217,CHEMBL2095188,CC(C)c1c(-c2ccc(Cl)cc2)[nH]c2nccnc12,COX1,0,758.58,6.119998611678231,1
CHEMBL77264,CHEMBL2095188,COc1ccc(-c2[nH]c3nccnc3c2C)cc1,COX1,0,457.09,6.339998279897117,1
CHEMBL77458,CHEMBL2095188,CN(C)c1ccc(-c2cc3[nH]ccnc-3n2)cc1,COX1,0,12022.64,4.920000156997057,0
CHEMBL77469,CHEMBL2095188,c1ccc(Cc2c(-c3ccccc3)[nH]c3nccnc23)cc1,COX1,0,1000.0,6.0,1
CHEMBL77540,CHEMBL2095188,Cc1c(-c2ccc(OS(=O)(=O)N(C)C)cc2)[nH]c2nccnc12,COX1,0,501.19,6.299997602857746,1
CHEMBL77584,CHEMBL2095188,Oc1ccccc1-c1cc2[nH]ccnc-2n1,COX1,0,6456.54,5.190000154058473,0
CHEMBL77590,CHEMBL2095188,COc1ccccc1-c1cc2[nH]ccnc-2n1,COX1,0,3311.31,5.480000159330324,0
CHEMBL77641,CHEMBL2095188,Cc1c(-c2ccc(O)cc2)[nH]c2nccnc12,COX1,0,524.81,6.279997898282849,1
CHEMBL77697,CHEMBL2095188,N#Cc1ccc(-c2cc3[nH]ccnc-3n2)cc1,COX1,0,4786.3,5.32000008377078,0
CHEMBL77947,CHEMBL2095188,COc1ccc(-c2[nH]c3nccnc3c2CC2CCCCC2)cc1,COX1,0,6760.83,5.169999984192581,0
CHEMBL78165,CHEMBL2095188,Cc1c(-c2ccc(Cl)cc2)[nH]c2nccnc12,COX1,0,1698.24,5.770000934050708,0
CHEMBL80644,CHEMBL2095188,COc1cccc(-c2cc3[nH]ccnc-3n2)c1,COX1,0,3162.28,5.499999678657065,0
CHEMBL80785,CHEMBL2095188,Oc1ccc(-c2cc3[nH]ccnc-3n2)cc1,COX1,0,1202.26,5.920001601921648,0
CHEMBL85398,CHEMBL2095188,O=C1CSC(=O)N1,COX1,0,100000.0,4.0,0
CHEMBL1030,CHEMBL2094253,O=C(O)Cc1ccccc1Nc1c(Cl)cc(O)cc1Cl,COX2,1,7079457.84,2.1500000002356523,0
CHEMBL1031,CHEMBL2094253,O=C(O)Cc1cc(O)ccc1Nc1c(Cl)cccc1Cl,COX2,1,446683.59,3.350000002091305,0
CHEMBL1032,CHEMBL2094253,O=C(O)Cc1cc(O)ccc1Nc1c(Cl)cc(O)cc1Cl,COX2,1,912010.84,3.0399999996932876,0
CHEMBL1033,CHEMBL2094253,COc1cc(Cl)c(Nc2ccccc2CC(=O)O)c(Cl)c1O,COX2,1,3388441.56,2.470000000178415,0
CHEMBL1035,CHEMBL2094253,O=C(O)Cc1ccccc1Nc1c(Cl)ccc(O)c1Cl,COX2,1,100000000.0,1.0,0
CHEMBL116719,CHEMBL2094253,NC(=O)N(O)CC1=Cc2cc(Oc3ccccc3)ccc2OC1,COX2,1,36000.0,4.443697499232712,0
CHEMBL118,CHEMBL2094253,Cc1ccc(-c2cc(C(F)(F)F)nn2-c2ccc(S(N)(=O)=O)cc2)cc1,COX2,1,89.0,7.050609993355087,1
CHEMBL118462,CHEMBL2094253,c1ccc(CNc2nc(-c3ccncc3)nc3ccccc23)cc1,COX2,1,14000.0,4.853871964321762,0
CHEMBL118944,CHEMBL2094253,c1ccc(CNc2nc(-n3ccnc3)nc3ccccc23)cc1,COX2,1,51000.0,4.292429823902063,0
CHEMBL119841,CHEMBL2094253,c1ccc(CNc2nc(-c3cccnc3)nc3ccccc23)cc1,COX2,1,50000.0,4.301029995663981,0
CHEMBL122193,CHEMBL2094253,CC(C)(C)c1cc(-c2n[nH]c(=S)s2)cc(C(C)(C)C)c1O,COX2,1,800.0,6.096910013008056,1
CHEMBL128000,CHEMBL2094253,O=C(/C=C/c1ccc(O)c(O)c1)c1ccc(O)cc1O,COX2,1,120000.0,3.9208187539523753,0
CHEMBL128012,CHEMBL2094253,O=C(/C=C/c1ccc(O)c(O)c1)c1ccccc1Cl,COX2,1,71000.0,4.1487416512809245,0
CHEMBL129795,CHEMBL2094253,O=C(/C=C/c1ccc(O)cc1)c1ccc(O)cc1O,COX2,1,130000.0,3.886056647693163,0
CHEMBL130640,CHEMBL2094253,COc1cc(/C=C/C(=O)c2ccccc2O)ccc1O,COX2,1,63000.0,4.200659450546418,0
CHEMBL146730,CHEMBL2094253,CN(O)C(=O)/C=C/c1cccc(Oc2ccccc2)c1,COX2,1,5000.0,5.301029995663981,0
CHEMBL162358,CHEMBL2094253,CCCc1c(OCCCCc2nnn[nH]2)ccc(C(C)=O)c1O,COX2,1,44000.0,4.356547323513812,0
CHEMBL164447,CHEMBL2094253,CC(C)(OCc1ccc(-c2ccc(Cl)cc2)cc1)C(=O)O,COX2,1,950000.0,3.0222763947111524,0
CHEMBL165090,CHEMBL2094253,Cc1nc(-c2ccc(Cl)cc2)oc1COC(C)(C)C(=O)O,COX2,1,6500000.0,2.1870866433571443,0
CHEMBL19657,CHEMBL2094253,Cn1c2c(c3cc(O)ccc31)CCCCC2,COX2,1,400.0,6.3979400086720375,1
CHEMBL196996,CHEMBL2094253,CC(C)(C)c1cc(/C=C2/SC(N)=NC2=O)cc(C(C)(C)C)c1O,COX2,1,390.0,6.4089353929735005,1
CHEMBL2040589,CHEMBL2094253,Oc1cc2cc(c1O)Oc1ccc(cc1)CCc1cccc(O)c1Oc1cccc(c1)CC2,COX2,1,46400.0,4.333482019445119,0
CHEMBL2040590,CHEMBL2094253,COC1Cc2cccc(c2)Oc2c(O)cccc2CCc2ccc(cc2)Oc2cc1cc(O)c2O,COX2,1,58000.0,4.236572006437063,0
CHEMBL2040593,CHEMBL2094253,Oc1cc2cc(c1O)Oc1ccc(cc1)CCc1ccc(O)c(O)c1Oc1cccc(c1)CC2,COX2,1,55900.0,4.252588192113577,0
CHEMBL25,CHEMBL2094253,CC(=O)Oc1ccccc1C(=O)O,COX2,1,15000.0,4.823908740944319,0
CHEMBL266100,CHEMBL2094253,CC(C)(C)c1cc(/C=C/c2cccs2)cc(C(C)(C)C)c1O,COX2,1,48.5,7.314258261397736,1
CHEMBL274642,CHEMBL2094253,NC1=NN(c2cccc(C(F)(F)F)c2)CC1,COX2,1,12000.0,4.920818753952375,0
CHEMBL291710,CHEMBL2094253,Cc1ccc(/C=C/c2cc(C)c(O)c(C)c2)cc1,COX2,1,3200.0,5.494850021680094,0
CHEMBL292136,CHEMBL2094253,Cc1cc(CCc2cccs2)cc(C)c1O,COX2,1,110.0,6.958607314841775,1
CHEMBL293755,CHEMBL2094253,Cc1cc(/C=C/c2ccc(Cl)s2)cc(C)c1O,COX2,1,1300.0,5.886056647693163,0
CHEMBL293825,CHEMBL2094253,CCc1cc(/C=C/c2cccs2)cc(OC)c1O,COX2,1,1400.0,5.853871964321762,0
CHEMBL295991,CHEMBL2094253,O=C(O)c1ccc(CN2C(=O)C=CC2=O)cc1,COX2,1,27000.0,4.568636235841013,0
CHEMBL297332,CHEMBL2094253,CCCCCCCCN1C(=O)C=CC1=O,COX2,1,9000.0,5.045757490560675,0
CHEMBL298171,CHEMBL2094253,O=C(O)CCCCCCCCCCN1C(=O)C=CC1=O,COX2,1,40000.0,4.3979400086720375,0
CHEMBL298573,CHEMBL2094253,Cc1ccccc1CN1C(=O)C=CC1=O,COX2,1,50000.0,4.301029995663981,0
CHEMBL300159,CHEMBL2094253,COc1ccccc1/C=C/c1cc(C)c(O)c(C)c1,COX2,1,1100.0,5.958607314841775,0
CHEMBL300982,CHEMBL2094253,CC1(C)Cc2c(-c3ccccc3)c(-c3ccc(Cl)cc3)c(CC(=O)O)n2C1,COX2,1,160.0,6.795880017344075,1
CHEMBL301304,CHEMBL2094253,CCCC/C(=C\c1cc(C)c(O)c(C)c1)c1ccc(F)cc1,COX2,1,1000.0,6.0,1
CHEMBL306994,CHEMBL2094253,O=C(O)Cc1ccccc1Nc1cccc(Cl)c1Cl,COX2,1,100000000.0,1.0,0
CHEMBL308266,CHEMBL2094253,O=C([O-])Cc1ccccc1Nc1c(Cl)cccc1Br,COX2,1,524807460.25,0.2799999999998118,0
CHEMBL308378,CHEMBL2094253,Cc1cc(C)c(C)c(Nc2ccccc2CC(=O)O)c1C,COX2,1,165958690.74,0.7800000000098292,0
CHEMBL308821,CHEMBL2094253,Cc1cccc(Nc2ccccc2CC(=O)O)c1C,COX2,1,501187233.63,0.2999999999976362,0
CHEMBL309569,CHEMBL2094253,O=C(O)Cc1ccccc1Nc1cc(Cl)cc(Cl)c1,COX2,1,12589254.12,1.8999999999289936,0
CHEMBL310696,CHEMBL2094253,O=C(O)Cc1ccccc1Nc1ccc(Cl)cc1Cl,COX2,1,14125375.45,1.849999999884013,0
CHEMBL313245,CHEMBL2094253,CC(C)(C)c1cc(-c2cn3ncc(=O)nc3s2)cc(C(C)(C)C)c1O,COX2,1,25000.0,4.6020599913279625,0
CHEMBL314337,CHEMBL2094253,CC(C)(C)CC(=O)c1c(CC(C)(C)C(=O)O)n(Cc2ccc(Cl)cc2)c2ccc(OCc3ccc4ccccc4n3)cc12,COX2,1,2.0,8.698970004336019,1
CHEMBL314360,CHEMBL2094253,CC(=O)N(O)C/C=C/c1cccc(Oc2ccccc2)c1,COX2,1,3200.0,5.494850021680094,0
CHEMBL321358,CHEMBL2094253,Cc1c(O)c2ccccc2c2nc(NCc3cccnc3)sc12,COX2,1,5500.0,5.259637310505756,0
CHEMBL322015,CHEMBL2094253,Oc1cc(-c2ccccc2)c2nc(NCc3cccnc3)sc2c1,COX2,1,9600.0,5.017728766960431,0
CHEMBL339587,CHEMBL2094253,O=C(/C=C/c1ccc(O)c(O)c1)c1ccccc1O,COX2,1,44000.0,4.356547323513812,0
CHEMBL411317,CHEMBL2094253,Oc1ccc2c(c1)CCc1ccc(cc1)Oc1cc(ccc1O)CCc1ccc-2c(O)c1,COX2,1,53500.0,4.2716462179787715,0
CHEMBL413324,CHEMBL2094253,COc1cc(/C=C/c2cccs2)cc(C)c1O,COX2,1,3100.0,5.508638306165727,0
CHEMBL414824,CHEMBL2094253,CC(C)(C)c1cc(/C=C/c2cccnc2)cc(C(C)(C)C)c1O,COX2,1,465.0,6.3325470471100465,1
CHEMBL4161755,CHEMBL2094253,COc1ccc2c(c1)c1c(n2C(=O)c2ccc(Cl)cc2)CC(C)(C)CC1=O,COX2,1,50.0,7.301029995663981,1
CHEMBL4162061,CHEMBL2094253,CS(=O)(=O)c1ccc2c(c1)c1c(n2Cc2ccc(Cl)cc2)CCCC1=O,COX2,1,33.0,7.481486060122112,1
CHEMBL4165597,CHEMBL2094253,CS(=O)(=O)c1ccc2c(c1)c1c(n2C(=O)c2ccc(Cl)cc2)CCCC1,COX2,1,38.0,7.42021640338319,1
CHEMBL4169030,CHEMBL2094253,COc1ccc2c(c1)c1c(n2Cc2ccc(Cl)cc2)CC(C)(C)CC1=O,COX2,1,44.0,7.356547323513812,1
CHEMBL4169347,CHEMBL2094253,CS(=O)(=O)c1ccc2c(c1)c1c(n2C(=O)c2ccc(Cl)cc2)CCCC1=O,COX2,1,23.0,7.638272163982407,1
CHEMBL4172740,CHEMBL2094253,CS(=O)(=O)c1ccc2c(c1)c1c(n2S(=O)(=O)c2ccc(Cl)cc2)CCCC1=O,COX2,1,34.0,7.468521082957745,1
CHEMBL4173526,CHEMBL2094253,CS(=O)(=O)c1ccc2c(c1)c1c(n2Cc2ccc(Cl)cc2)CCCC1,COX2,1,27.0,7.568636235841013,1
CHEMBL417379,CHEMBL2094253,Cc1cc(/C=C/c2ccc(Cl)cc2)cc(C)c1O,COX2,1,750.0,6.1249387366083,1
CHEMBL4176892,CHEMBL2094253,COc1ccc2c(c1)c1c(n2S(=O)(=O)c2ccc(Cl)cc2)CC(C)(C)CC1=O,COX2,1,41.0,7.387216143280264,1
CHEMBL4177185,CHEMBL2094253,CS(=O)(=O)c1ccc2c(c1)c1c(n2S(=O)(=O)c2ccc(Cl)cc2)CCCC1,COX2,1,28.0,7.552841968657781,1
CHEMBL434783,CHEMBL2094253,CCCc1cc(/C=C/c2cccs2)cc(OC)c1O,COX2,1,1300.0,5.886056647693163,0
CHEMBL435907,CHEMBL2094253,COc1ccc(-n2nc(C#CC(C)N(O)C(C)=O)cc2-c2ccc(Cl)cc2)cc1,COX2,1,30.0,7.522878745280337,1
CHEMBL440480,CHEMBL2094253,Cc1ccc(/C=C/c2cc(C)c(O)c(C)c2)s1,COX2,1,780.0,6.107905397309519,1
CHEMBL44376,CHEMBL2094253,CC(=O)Oc1ccc(N2C(=O)C=CC2=O)cc1C(=O)O,COX2,1,29000.0,4.5376020021010435,0
CHEMBL449952,CHEMBL2094253,Cc1cccc(Nc2ccccc2CC(=O)O)c1Cl,COX2,1,50118723.36,1.3000000000236325,0
CHEMBL46088,CHEMBL2094253,O=C(O)CCCCCCCCCCCN1C(=O)C=CC1=O,COX2,1,140000.0,3.853871964321762,0
CHEMBL4640352,CHEMBL2094253,C=C(C)[C@H]1Cc2c(CCc3ccccc3)cc(O)c(O)c2O1,COX2,1,26200.0,4.581698708680254,0
CHEMBL4645665,CHEMBL2094253,C[C@]12COc3cc(CCc4ccccc4)c(C(=O)O)c(O)c3[C@H]1C2,COX2,1,39700.0,4.401209493236885,0
CHEMBL47299,CHEMBL2094253,CCCCCCCCCN1C(=O)C=CC1=O,COX2,1,12000.0,4.920818753952375,0
CHEMBL47644,CHEMBL2094253,O=C(O)CCCCCCCN1C(=O)C=CC1=O,COX2,1,100.0,7.0,1
CHEMBL47645,CHEMBL2094253,O=C(O)CCCCCCN1C(=O)C=CC1=O,COX2,1,570000.0,3.2441251443275085,0
CHEMBL47697,CHEMBL2094253,CCCCCCCCCCN1C(=O)C=CC1=O,COX2,1,14000.0,4.853871964321762,0
CHEMBL48092,CHEMBL2094253,O=C(O)CCCCCc1cccc2cncn12,COX2,1,10000.0,5.0,0
CHEMBL49831,CHEMBL2094253,O=C(O)CCCCCCCCCN1C(=O)C=CC1=O,COX2,1,37000.0,4.431798275933005,0
CHEMBL49832,CHEMBL2094253,O=C(O)CCCCCCCCN1C(=O)C=CC1=O,COX2,1,26000.0,4.585026652029182,0
CHEMBL50011,CHEMBL2094253,O=C(O)c1ccccc1OCCN1C(=O)C=CC1=O,COX2,1,250000.0,3.6020599913279625,0
CHEMBL5271282,CHEMBL2094253,CC1=CCc2c(cc(CCc3ccccc3)c(C(=O)O)c2O)OC1,COX2,1,39700.0,4.401209493236885,0
CHEMBL5273538,CHEMBL2094253,COc1cc(CCc2cccc(Oc3c(O)cccc3CCC3=CCC(O)C=C3)c2)cc(O)c1O,COX2,1,45200.0,4.3448615651886175,0
CHEMBL54221,CHEMBL2094253,COc1ccc(/C=C/c2cc(C)c(O)c(C)c2)cc1,COX2,1,1500.0,5.823908740944319,0
CHEMBL55217,CHEMBL2094253,Cc1cc(/C=C/c2cccnc2)cc(C)c1O,COX2,1,11000.0,4.958607314841775,0
CHEMBL55293,CHEMBL2094253,Cc1cc(/C=C/c2ccc(C(C)C)cc2)cc(C)c1O,COX2,1,1400.0,5.853871964321762,0
CHEMBL55448,CHEMBL2094253,Cc1cc(/C=C/c2csc3ccccc23)cc(C)c1O,COX2,1,400.0,6.3979400086720375,1
CHEMBL55680,CHEMBL2094253,CCCOc1ccc(/C=C/c2cc(C)c(O)c(C)c2)cc1,COX2,1,190.0,6.721246399047171,1
CHEMBL55737,CHEMBL2094253,Cc1cc(/C=C/c2cccc3ccccc23)cc(C)c1O,COX2,1,590.0,6.229147988357855,1
CHEMBL55960,CHEMBL2094253,Cc1cc(/C=C/c2ccccc2)cc(C)c1O,COX2,1,4200.0,5.376750709602099,0
CHEMBL56009,CHEMBL2094253,C/C(=C\c1cc(C)c(O)c(C)c1)c1ccc(F)cc1,COX2,1,630.0,6.200659450546418,1
CHEMBL56039,CHEMBL2094253,Cc1cc(/C=C/c2ccccn2)cc(C)c1O,COX2,1,2500.0,5.6020599913279625,0
CHEMBL56422,CHEMBL2094253,Cc1cc(/C=C/c2cc(F)cc(F)c2)cc(C)c1O,COX2,1,1000.0,6.0,1
CHEMBL56461,CHEMBL2094253,Cc1cccc(/C=C/c2cc(C)c(O)c(C)c2)c1,COX2,1,2500.0,5.6020599913279625,0
CHEMBL56551,CHEMBL2094253,CCc1ccc(/C=C/c2cc(C)c(O)c(C)c2)cc1,COX2,1,510.0,6.292429823902063,1
CHEMBL56563,CHEMBL2094253,Cc1cc(CCc2ccc(F)cc2)cc(C)c1O,COX2,1,300.0,6.522878745280337,1
CHEMBL56576,CHEMBL2094253,Cc1ccc(C)c(/C=C/c2cc(C)c(O)c(C)c2)c1,COX2,1,1300.0,5.886056647693163,0
CHEMBL56798,CHEMBL2094253,Cc1cc(/C=C/c2cccs2)cc(C)c1O,COX2,1,780.0,6.107905397309519,1
CHEMBL56833,CHEMBL2094253,C=CCc1cc(/C=C/c2cccs2)cc(C)c1O,COX2,1,730.0,6.136677139879544,1
CHEMBL57358,CHEMBL2094253,Cc1cc(/C=C/c2ccc(F)cc2)cc(C)c1O,COX2,1,1300.0,5.886056647693163,0
CHEMBL58987,CHEMBL2094253,Cc1cc(/C=C/c2ccc(F)cc2F)cc(C)c1O,COX2,1,710.0,6.1487416512809245,1
CHEMBL58990,CHEMBL2094253,Cc1cc(/C=C/c2cccs2)cc(Cl)c1O,COX2,1,230.0,6.638272163982407,1
CHEMBL6,CHEMBL2094253,COc1ccc2c(c1)c(CC(=O)O)c(C)n2C(=O)c1ccc(Cl)cc1,COX2,1,10.0,8.0,1
CHEMBL61608,CHEMBL2094253,CC(=O)N(O)Cc1ccc(OCc2ccccc2)cc1,COX2,1,22000.0,4.657577319177793,0
CHEMBL622,CHEMBL2094253,CCc1cccc2c3c([nH]c12)C(CC)(CC(=O)O)OCC3,COX2,1,53.5,7.2716462179787715,1
CHEMBL75296,CHEMBL2094253,O=C([O-])Cc1ccccc1Nc1c(F)cccc1F,COX2,1,4365158.32,2.360000000238944,0
CHEMBL75754,CHEMBL2094253,Cc1cc(C)c(C)c(Nc2ccc(Cl)cc2CC(=O)O)c1C,COX2,1,15135612.48,1.8200000001251635,0
CHEMBL75811,CHEMBL2094253,Cc1ccc(Cl)c(Nc2ccccc2CC(=O)[O-])c1Cl,COX2,1,70794578.44,1.1499999999902693,0
CHEMBL75858,CHEMBL2094253,O=C([O-])Cc1ccccc1Nc1c(Cl)cc(F)cc1Cl,COX2,1,891250938.13,0.0500000000018251,0
CHEMBL75976,CHEMBL2094253,COc1c(O)cc(Cl)c(Nc2ccccc2CC(=O)O)c1Cl,COX2,1,13803842.65,1.85999999987506,0
CHEMBL76151,CHEMBL2094253,CCc1cccc(CC)c1Nc1ccccc1CC(=O)O,COX2,1,14791083.88,1.8300000000493888,0
CHEMBL76154,CHEMBL2094253,Cc1cccc(C)c1Nc1ccccc1CC(=O)O,COX2,1,165958690.74,0.7800000000098292,0
CHEMBL76300,CHEMBL2094253,COc1ccc(Cl)c(Nc2ccccc2CC(=O)O)c1Cl,COX2,1,91201083.94,1.0399999999790044,0
CHEMBL76372,CHEMBL2094253,O=C(O)Cc1ccccc1Nc1c(Cl)cccc1I,COX2,1,501187233.63,0.2999999999976362,0
CHEMBL7660,CHEMBL2094253,O=C1CCN(c2ccccc2)N1,COX2,1,53000.0,4.275724130399211,0
CHEMBL76657,CHEMBL2094253,O=C(O)Cc1ccccc1Nc1ccc(Cl)c(Cl)c1,COX2,1,7079457.84,2.1500000002356523,0
CHEMBL76818,CHEMBL2094253,O=C([O-])Cc1ccccc1Nc1c(F)cccc1Cl,COX2,1,17782794.1,1.7500000000095055,0
CHEMBL76912,CHEMBL2094253,O=C([O-])Cc1cc(F)ccc1Nc1c(Cl)cccc1Cl,COX2,1,741310241.3,0.1300000000005375,0
CHEMBL76913,CHEMBL2094253,O=C([O-])Cc1cc(Cl)ccc1Nc1c(Cl)cccc1Cl,COX2,1,794328234.72,0.1000000000023408,0
CHEMBL77245,CHEMBL2094253,O=C([O-])Cc1ccccc1Nc1ccc(F)cc1F,COX2,1,9772372.21,2.0099999999803617,0
CHEMBL77576,CHEMBL2094253,Cc1c(Cl)cccc1Nc1ccccc1CC(=O)O,COX2,1,91201083.94,1.0399999999790044,0
CHEMBL77731,CHEMBL2094253,O=C(O)Cc1c(Br)cccc1Nc1c(Cl)cccc1Cl,COX2,1,66069344.8,1.180000000004993,0
CHEMBL77823,CHEMBL2094253,O=C(O)Cc1ccccc1Nc1ccccc1Cl,COX2,1,4897788.19,2.3100000003267067,0
CHEMBL77914,CHEMBL2094253,O=C([O-])Cc1c(O)cccc1Nc1c(Cl)cccc1Cl,COX2,1,4677351.41,2.330000000266665,0
CHEMBL77977,CHEMBL2094253,O=C([O-])Cc1cc(F)ccc1Nc1c(Cl)cc(F)cc1Cl,COX2,1,562341325.19,0.2500000000002695,0
CHEMBL77981,CHEMBL2094253,O=C(O)Cc1ccccc1Nc1cc(Cl)ccc1Cl,COX2,1,10000000.0,2.0,0
CHEMBL78188,CHEMBL2094253,O=C(O)Cc1ccccc1Nc1ccccc1,COX2,1,3467368.5,2.4600000005668043,0
CHEMBL8562,CHEMBL2094253,CC(C)(C)c1cc(/C=C2\CCOC2=O)cc(C(C)(C)C)c1O,COX2,1,110.0,6.958607314841775,1
CHEMBL8636,CHEMBL2094253,Cc1ccc(/C=C/c2cc(C(C)(C)C)c(O)c(C(C)(C)C)c2)cc1,COX2,1,10000.0,5.0,0
CHEMBL8747,CHEMBL2094253,CCCCCC(O)c1cccc(OCc2ccc3ccccc3n2)c1,COX2,1,5300.0,5.275724130399211,0
CHEMBL8813,CHEMBL2094253,CC(C)(C)c1cc(/C=C/c2ccc(F)cc2)cc(C(C)(C)C)c1O,COX2,1,610.0,6.214670164989233,1
CHEMBL8846,CHEMBL2094253,CC(C)(C)c1cc(C(=O)c2cccs2)cc(C(C)(C)C)c1O,COX2,1,252.85,6.597137042031437,1
CHEMBL9090,CHEMBL2094253,CC(C)(C)c1cc(/C=C/c2ccc(Cl)s2)cc(C(C)(C)C)c1O,COX2,1,670.0,6.173925197299173,1
